index,latent_dim,hidden_dim,epochs,learning_rate,kl_div_loss_weight,nb_clusters,stability,r2_valid
0,2,10,90,-2.0,0.1,4,0.8123313136561527,0.29434058935748464
1,2,10,90,-2.0,0.5,2,0.9489591380783435,0.1553736362884841
3,2,10,90,-3.0,0.1,4,0.8682065441750715,0.3531455339317074
6,2,20,90,-2.0,0.1,4,0.9289505660720047,0.35838917347266663
7,2,20,90,-2.0,0.5,5,0.8896790727146846,0.15421579559173193
9,2,20,90,-3.0,0.1,4,0.93750278844627,0.43605061526410815
12,2,30,90,-2.0,0.1,5,0.9432187439936097,0.4791464566188364
13,2,30,90,-2.0,0.5,5,0.7998599505247579,0.13245417178789537
15,2,30,90,-3.0,0.1,3,0.8710748853811374,0.4335847161215067
16,2,30,90,-3.0,0.5,5,0.7888293918821623,0.005373768306952442
18,2,40,90,-2.0,0.1,5,0.9465217806553752,0.5007879333824099
19,2,40,90,-2.0,0.5,5,0.8642579144575819,0.142393610503631
21,2,40,90,-3.0,0.1,5,0.9584125218602594,0.4306086056049514
22,2,40,90,-3.0,0.5,5,0.8599356129779209,0.09052991252286223
24,2,50,90,-2.0,0.1,5,0.898654580910707,0.5276620318715046
25,2,50,90,-2.0,0.5,5,0.9535917773892761,0.15041318527226477
27,2,50,90,-3.0,0.1,4,0.9188805476516109,0.4656338452389147
28,2,50,90,-3.0,0.5,2,0.9379994192653214,0.11783389081927585
30,2,60,90,-2.0,0.1,5,0.8735594494435616,0.47540267367294947
31,2,60,90,-2.0,0.5,5,0.959666512290221,0.15007954212734498
33,2,60,90,-3.0,0.1,5,0.9308846213652018,0.4585310251967927
34,2,60,90,-3.0,0.5,3,0.8958113500903817,0.14466336088557835
36,3,10,90,-2.0,0.1,5,0.9602330306493421,0.4614206715266139
37,3,10,90,-2.0,0.5,3,0.8767351547969144,0.1638993911311843
39,3,10,90,-3.0,0.1,5,0.9462731148952261,0.38624134503578406
40,3,10,90,-3.0,0.5,4,0.6467512556857429,0.002502919988087134
42,3,20,90,-2.0,0.1,5,0.9564378956691804,0.46014102162047765
43,3,20,90,-2.0,0.5,4,0.5928251017836595,0.12344426573553079
45,3,20,90,-3.0,0.1,5,0.9480260762618499,0.5330803498670441
48,3,30,90,-2.0,0.1,5,0.96475781748392,0.4691278398357495
49,3,30,90,-2.0,0.5,5,0.792059669054032,0.15712430404995592
51,3,30,90,-3.0,0.1,5,0.9806020046642674,0.529251135969688
52,3,30,90,-3.0,0.5,2,0.9318537084117093,0.13399480606322425
54,3,40,90,-2.0,0.1,5,0.9667442371939585,0.5684307109123826
55,3,40,90,-2.0,0.5,4,0.9472510086795476,0.15356634997219676
57,3,40,90,-3.0,0.1,5,0.9580893176784426,0.5478205475488538
58,3,40,90,-3.0,0.5,5,0.9224676708040958,0.10524388749229552
60,3,50,90,-2.0,0.1,3,0.95517529762539,0.5687725211615958
61,3,50,90,-2.0,0.5,4,0.9283243126183907,0.15137241649267888
63,3,50,90,-3.0,0.1,5,0.9565541679648046,0.5580946190484373
64,3,50,90,-3.0,0.5,5,0.9363773269281854,0.09108734445877259
66,3,60,90,-2.0,0.1,4,0.9310728842367249,0.5801807355096358
67,3,60,90,-2.0,0.5,4,0.9630498005938322,0.16437557306617973
69,3,60,90,-3.0,0.1,5,0.9655858437234558,0.5634610432471738
70,3,60,90,-3.0,0.5,4,0.9196823204313038,0.1494396087332575
72,4,10,90,-2.0,0.1,4,0.9268134010055933,0.5573456201301474
73,4,10,90,-2.0,0.5,3,0.9895716698572956,0.15169229528940273
75,4,10,90,-3.0,0.1,5,0.9752468220058133,0.4003504679349466
76,4,10,90,-3.0,0.5,5,0.9235775513732128,0.059248157640439565
78,4,20,90,-2.0,0.1,4,0.975594713763936,0.579937476556794
79,4,20,90,-2.0,0.5,4,0.9299107642482591,0.15380145101226952
81,4,20,90,-3.0,0.1,5,0.9750838502679622,0.4689453122676222
82,4,20,90,-3.0,0.5,4,0.9367141052617457,0.019532526092531595
84,4,30,90,-2.0,0.1,5,0.9362900779517209,0.5704168299049556
85,4,30,90,-2.0,0.5,4,0.7354463073517037,0.16844856687074905
87,4,30,90,-3.0,0.1,5,0.9635024910383121,0.5380948245313336
90,4,40,90,-2.0,0.1,4,0.9030932227665003,0.5606665448556123
91,4,40,90,-2.0,0.5,5,0.9136038345640332,0.15018425965065801
93,4,40,90,-3.0,0.1,5,0.9578611338176691,0.5500612569338013
94,4,40,90,-3.0,0.5,4,0.9353915634113337,0.024882547089201845
96,4,50,90,-2.0,0.1,2,1.0,0.5814741889252291
97,4,50,90,-2.0,0.5,4,0.9746717079327034,0.15882673245151366
99,4,50,90,-3.0,0.1,5,0.9503096783539632,0.553959876870687
100,4,50,90,-3.0,0.5,3,0.9531332850970631,0.09359641446787938
102,4,60,90,-2.0,0.1,2,1.0,0.5902844390957179
103,4,60,90,-2.0,0.5,4,0.984018315301133,0.15813829985849487
105,4,60,90,-3.0,0.1,2,1.0,0.5716495116913074
106,4,60,90,-3.0,0.5,4,0.9818911062998303,0.11329722360083279
108,5,10,90,-2.0,0.1,5,0.9705962698746804,0.43456375061433783
109,5,10,90,-2.0,0.5,4,0.9136945710186242,0.14212248717705356
111,5,10,90,-3.0,0.1,3,0.9216408607398947,0.3940733145590243
112,5,10,90,-3.0,0.5,4,0.8771458391947298,0.008539900635324166
114,5,20,90,-2.0,0.1,5,0.9510823448273211,0.5728163706471581
115,5,20,90,-2.0,0.5,2,0.9534254456354828,0.15094304549201185
117,5,20,90,-3.0,0.1,5,0.9620454860077611,0.5340331638488373
120,5,30,90,-2.0,0.1,2,1.0,0.5856940270410198
121,5,30,90,-2.0,0.5,4,0.966504424024063,0.16156456784139764
123,5,30,90,-3.0,0.1,5,0.943980722708208,0.5453259267705539
124,5,30,90,-3.0,0.5,2,0.9320723478130652,0.09740397492520587
126,5,40,90,-2.0,0.1,2,1.0,0.5813136106805091
127,5,40,90,-2.0,0.5,5,0.9623797341986025,0.15460155510353543
129,5,40,90,-3.0,0.1,4,0.980929755410005,0.5453563975994754
130,5,40,90,-3.0,0.5,3,0.9429346182761842,0.05497093101078245
132,5,50,90,-2.0,0.1,5,0.9298373534876212,0.5926022793167492
133,5,50,90,-2.0,0.5,2,0.9599627280852816,0.15035034329791666
135,5,50,90,-3.0,0.1,2,0.9999999999999996,0.557250755489629
136,5,50,90,-3.0,0.5,5,0.9624148475884995,0.023061865393898453
138,5,60,90,-2.0,0.1,2,0.9626136470848397,0.5983651825230842
139,5,60,90,-2.0,0.5,3,0.950614351056027,0.15647906173103054
141,5,60,90,-3.0,0.1,4,0.8804461572912881,0.5817269285897002
142,5,60,90,-3.0,0.5,2,0.9594307456259885,0.0830747681766599
144,6,10,90,-2.0,0.1,5,0.9609400749532035,0.5726878475463105
145,6,10,90,-2.0,0.5,5,0.7966457762957472,0.1027831418305188
147,6,10,90,-3.0,0.1,5,0.9595714360981,0.4993772027301759
148,6,10,90,-3.0,0.5,3,0.9352763792803154,0.01278854322167821
150,6,20,90,-2.0,0.1,2,0.979182429628316,0.5746661466189293
151,6,20,90,-2.0,0.5,5,0.904676321321449,0.13296246132377626
153,6,20,90,-3.0,0.1,5,0.9723635643737188,0.5233695810327021
156,6,30,90,-2.0,0.1,4,0.9068629133243076,0.5871320431770286
157,6,30,90,-2.0,0.5,4,0.9476193359357736,0.153369414855758
159,6,30,90,-3.0,0.1,2,1.0,0.5435441931791656
160,6,30,90,-3.0,0.5,5,0.9458345105376713,0.02386842995341707
162,6,40,90,-2.0,0.1,3,0.9618585040567589,0.5947332109224078
163,6,40,90,-2.0,0.5,3,0.9639386166166457,0.13532528926521675
165,6,40,90,-3.0,0.1,4,0.9707979886185085,0.5542308568012932
166,6,40,90,-3.0,0.5,4,0.9639178779318949,0.0580515822723531
168,6,50,90,-2.0,0.1,2,1.0,0.5844505782500135
169,6,50,90,-2.0,0.5,4,0.9209950580832021,0.14830328418014088
171,6,50,90,-3.0,0.1,2,1.0,0.5742123411527364
172,6,50,90,-3.0,0.5,2,0.935637262911991,0.03873211330309595
174,6,60,90,-2.0,0.1,5,0.8840071817026423,0.5950016032903386
175,6,60,90,-2.0,0.5,4,0.9435345905735266,0.13489560865590838
177,6,60,90,-3.0,0.1,2,0.9999999999999989,0.6039804731908676
178,6,60,90,-3.0,0.5,5,0.9458140265424714,0.06001427802251534
180,7,10,90,-2.0,0.1,4,0.7692790105753557,0.2613678485910231
181,7,10,90,-2.0,0.5,4,0.9603474467833736,0.16080153095656086
183,7,10,90,-3.0,0.1,5,0.9663169598255096,0.48597577265860226
186,7,20,90,-2.0,0.1,2,1.0,0.5781159132943171
187,7,20,90,-2.0,0.5,3,0.9149462682876826,0.15712624440937534
189,7,20,90,-3.0,0.1,5,0.97597720925894,0.5328536396600514
192,7,30,90,-2.0,0.1,2,0.9851310646530234,0.5722915236155062
193,7,30,90,-2.0,0.5,5,0.8663537407154243,0.13036577926668078
195,7,30,90,-3.0,0.1,5,0.968925315787229,0.534741470682843
198,7,40,90,-2.0,0.1,5,0.8540483077264408,0.6399923040680423
199,7,40,90,-2.0,0.5,4,0.8883283580331021,0.14378690588262466
201,7,40,90,-3.0,0.1,2,1.0,0.545868040086433
202,7,40,90,-3.0,0.5,3,0.8981876323191018,0.06040354076319622
204,7,50,90,-2.0,0.1,5,0.801255575923614,0.584173417953062
205,7,50,90,-2.0,0.5,5,0.9238782483637533,0.1512384503797403
207,7,50,90,-3.0,0.1,2,0.9999999999999996,0.5789305924009159
208,7,50,90,-3.0,0.5,5,0.9425937863341689,0.03699312936656296
210,7,60,90,-2.0,0.1,4,0.9801014782126887,0.5819717852745232
211,7,60,90,-2.0,0.5,4,0.9650679580611119,0.16321526547704848
213,7,60,90,-3.0,0.1,2,0.9852194510020575,0.5830160091521979
214,7,60,90,-3.0,0.5,5,0.9457822477088804,0.06346138806036383
216,8,10,90,-2.0,0.1,2,1.0,0.5741665081397946
217,8,10,90,-2.0,0.5,5,0.8384506777356395,0.13396680095117572
219,8,10,90,-3.0,0.1,5,0.9213333257416669,0.3817283098142199
222,8,20,90,-2.0,0.1,5,0.936033772783418,0.5744700227491586
223,8,20,90,-2.0,0.5,3,0.5797782000497312,0.15318419668794725
225,8,20,90,-3.0,0.1,5,0.9658568622629321,0.5188258484644822
226,8,20,90,-3.0,0.5,4,0.9421397116139258,0.0002645927390413871
228,8,30,90,-2.0,0.1,5,0.9586076564311279,0.6286941135004411
229,8,30,90,-2.0,0.5,4,0.8694352397410237,0.1221225263254613
231,8,30,90,-3.0,0.1,5,0.9578196376488175,0.5329414935131499
232,8,30,90,-3.0,0.5,5,0.884237641234343,0.024415465633009125
234,8,40,90,-2.0,0.1,4,0.891986028210257,0.5740783205435207
235,8,40,90,-2.0,0.5,4,0.6410557290636552,0.11052930091489133
237,8,40,90,-3.0,0.1,4,0.9745461032126057,0.5395077830341576
238,8,40,90,-3.0,0.5,3,0.9694276363001955,0.07444658764875024
240,8,50,90,-2.0,0.1,3,0.825415025204309,0.6210297400714143
241,8,50,90,-2.0,0.5,3,0.9301371005119354,0.11338489464896913
243,8,50,90,-3.0,0.1,2,0.9851796940447008,0.5846952015493057
244,8,50,90,-3.0,0.5,4,0.9768957379505239,0.0678094591744461
246,8,60,90,-2.0,0.1,4,0.9325930922536265,0.6085642787057064
247,8,60,90,-2.0,0.5,4,0.9320562931269936,0.14219987514269478
249,8,60,90,-3.0,0.1,2,1.0,0.5940563238318405
250,8,60,90,-3.0,0.5,5,0.9402751232942531,0.0773173622364993
252,9,10,90,-2.0,0.1,5,0.8976832099247083,0.5636551692241016
253,9,10,90,-2.0,0.5,5,0.8289285299697928,0.123786558011296
255,9,10,90,-3.0,0.1,5,0.8783134144359883,0.3545455140060717
258,9,20,90,-2.0,0.1,4,0.9391072065195176,0.47131978947425723
259,9,20,90,-2.0,0.5,2,0.9441547994015116,0.15290029396635643
261,9,20,90,-3.0,0.1,5,0.9566788443193897,0.4752195332374672
264,9,30,90,-2.0,0.1,2,1.0,0.5738667876291612
265,9,30,90,-2.0,0.5,5,0.9171930791831117,0.14654016402876455
267,9,30,90,-3.0,0.1,2,1.0,0.5236353737349723
270,9,40,90,-2.0,0.1,2,0.9516938957307901,0.5720013353651006
271,9,40,90,-2.0,0.5,4,0.8410123296249157,0.14735336317334063
273,9,40,90,-3.0,0.1,5,0.9676768857281077,0.5289092271440081
276,9,50,90,-2.0,0.1,2,1.0,0.5903750427947521
277,9,50,90,-2.0,0.5,5,0.8826088319379187,0.13061560061579344
279,9,50,90,-3.0,0.1,4,0.933816396835681,0.5715058580761542
280,9,50,90,-3.0,0.5,4,0.9390799507725021,0.03476412949458633
282,9,60,90,-2.0,0.1,3,0.9840443288551578,0.6298580883641652
283,9,60,90,-2.0,0.5,4,0.9494831834706962,0.15302684009512535
285,9,60,90,-3.0,0.1,4,0.9245164464066389,0.5813556967819538
286,9,60,90,-3.0,0.5,4,0.9554401455371518,0.09932078094233884
288,10,10,90,-2.0,0.1,4,0.9754354807957117,0.5733487750239875
289,10,10,90,-2.0,0.5,4,0.43293433606468706,0.114850627008064
291,10,10,90,-3.0,0.1,5,0.9697978965850522,0.41591862486225395
294,10,20,90,-2.0,0.1,4,0.904838489992317,0.6050821325924158
295,10,20,90,-2.0,0.5,3,0.925956443606782,0.11515004126727521
297,10,20,90,-3.0,0.1,5,0.9679887475442732,0.5141777288211196
298,10,20,90,-3.0,0.5,4,0.8792500627348903,0.003346172044879969
300,10,30,90,-2.0,0.1,2,0.9999999999999996,0.5836393716707317
301,10,30,90,-2.0,0.5,4,0.930224386107704,0.14925542986008908
303,10,30,90,-3.0,0.1,5,0.9586727483110452,0.5283497998391476
306,10,40,90,-2.0,0.1,5,0.9426594979265712,0.5674510917618586
307,10,40,90,-2.0,0.5,4,0.9645585484388972,0.11805287963808932
309,10,40,90,-3.0,0.1,4,0.961073098698849,0.5384823883490163
310,10,40,90,-3.0,0.5,2,0.9273779319223966,0.02356222674777014
312,10,50,90,-2.0,0.1,4,0.96031293041288,0.6404722562960448
313,10,50,90,-2.0,0.5,2,0.9855468780587806,0.1418409342667317
315,10,50,90,-3.0,0.1,2,1.0,0.5685942847756491
316,10,50,90,-3.0,0.5,3,0.94198572076298,0.01676447924745084
318,10,60,90,-2.0,0.1,5,0.9605547008732088,0.6344304049817093
319,10,60,90,-2.0,0.5,2,0.9439519754098705,0.13484017318805147
321,10,60,90,-3.0,0.1,4,0.929051937117972,0.5965186279110574
322,10,60,90,-3.0,0.5,4,0.9492486223870329,0.047196753367505284
324,2,10,100,-2.0,0.1,3,0.9914498511303711,0.30820944796141586
325,2,10,100,-2.0,0.5,4,0.6366126375685435,0.1636017152984377
327,2,10,100,-3.0,0.1,4,0.8815497158841488,0.39041485615084076
328,2,10,100,-3.0,0.5,4,0.7684453013832417,0.0013636521030547083
330,2,20,100,-2.0,0.1,4,0.9455340101868496,0.3584189280790854
331,2,20,100,-2.0,0.5,5,0.9375881971365032,0.16708100479283516
333,2,20,100,-3.0,0.1,4,0.9187310173237486,0.44106800887232406
336,2,30,100,-2.0,0.1,5,0.9021413461965436,0.48514043848072286
337,2,30,100,-2.0,0.5,5,0.8531001628877481,0.17089209521854493
339,2,30,100,-3.0,0.1,3,0.8746489553849954,0.440598114075095
340,2,30,100,-3.0,0.5,4,0.8568770459502009,0.01745046001739703
342,2,40,100,-2.0,0.1,4,0.9756488487177917,0.5080732417918951
343,2,40,100,-2.0,0.5,5,0.8245437319803388,0.1563574413037205
345,2,40,100,-3.0,0.1,4,0.9157045699634335,0.4375658647319864
346,2,40,100,-3.0,0.5,5,0.900782391265966,0.11797461004002363
348,2,50,100,-2.0,0.1,5,0.9400557308501933,0.5134153250772134
349,2,50,100,-2.0,0.5,3,0.9407397283624566,0.14392032428323612
351,2,50,100,-3.0,0.1,5,0.8471169820446812,0.4728533179041419
352,2,50,100,-3.0,0.5,5,0.8084772159016447,0.13840337425430058
354,2,60,100,-2.0,0.1,5,0.838828100273223,0.4852338035173025
355,2,60,100,-2.0,0.5,3,0.9156236080138207,0.1413942057586364
357,2,60,100,-3.0,0.1,4,0.9429264569276081,0.46689008263830467
358,2,60,100,-3.0,0.5,4,0.9214315086714875,0.1491721661740692
360,3,10,100,-2.0,0.1,5,0.947117401146315,0.45742103139450974
361,3,10,100,-2.0,0.5,5,0.915403566017277,0.14999131169498017
363,3,10,100,-3.0,0.1,5,0.950508549250541,0.4009470987699308
364,3,10,100,-3.0,0.5,2,0.9331108085099569,0.004217621138604887
366,3,20,100,-2.0,0.1,5,0.9894592502520837,0.46824055324613545
367,3,20,100,-2.0,0.5,2,0.9534722331612783,0.14374151358084095
369,3,20,100,-3.0,0.1,5,0.9613617208854761,0.543042660384021
372,3,30,100,-2.0,0.1,4,0.9695439032257751,0.47969107088914453
373,3,30,100,-2.0,0.5,4,0.9009730455159455,0.15677259238943392
375,3,30,100,-3.0,0.1,5,0.9556037537416789,0.5366508345119589
376,3,30,100,-3.0,0.5,3,0.9390785314543102,0.1411700881064857
378,3,40,100,-2.0,0.1,5,0.9504353564154593,0.5841511213955428
379,3,40,100,-2.0,0.5,4,0.8871091016785992,0.13613166853077435
381,3,40,100,-3.0,0.1,5,0.9620168384590726,0.5519814596498256
382,3,40,100,-3.0,0.5,5,0.958477353703228,0.12079491056938352
384,3,50,100,-2.0,0.1,3,0.935559260022508,0.5775517247850841
385,3,50,100,-2.0,0.5,4,0.9284287300698062,0.16538567884482297
387,3,50,100,-3.0,0.1,5,0.958458859928417,0.5618240018405176
388,3,50,100,-3.0,0.5,5,0.9825080314473797,0.09889743209019544
390,3,60,100,-2.0,0.1,5,0.90003298862054,0.5915347575855485
391,3,60,100,-2.0,0.5,5,0.9493718713398436,0.15129720227596755
393,3,60,100,-3.0,0.1,5,0.9560986919782997,0.566405890141128
394,3,60,100,-3.0,0.5,5,0.9615509363617204,0.15082168895070674
396,4,10,100,-2.0,0.1,4,0.9860159359825466,0.5624135777085175
397,4,10,100,-2.0,0.5,2,0.9611654822556308,0.14365354797306226
399,4,10,100,-3.0,0.1,5,0.9504324033285712,0.40829790544152345
400,4,10,100,-3.0,0.5,5,0.9196158529959497,0.06541915984193056
402,4,20,100,-2.0,0.1,2,1.0,0.5860439448635976
403,4,20,100,-2.0,0.5,5,0.9320681557731667,0.14664726244817108
405,4,20,100,-3.0,0.1,5,0.9673997046491143,0.5137686760067395
406,4,20,100,-3.0,0.5,5,0.8653222883716564,0.03399735952177488
408,4,30,100,-2.0,0.1,4,0.9347586727238963,0.5770613649325252
409,4,30,100,-2.0,0.5,4,0.884285318230534,0.1484843033170698
411,4,30,100,-3.0,0.1,5,0.9448749586369407,0.541511168796474
414,4,40,100,-2.0,0.1,2,0.9999999999999989,0.5824034644173167
415,4,40,100,-2.0,0.5,5,0.9223207234471135,0.14523056833707007
417,4,40,100,-3.0,0.1,5,0.9521342471232572,0.5522291869109258
418,4,40,100,-3.0,0.5,4,0.9696205503177429,0.0535001937410034
420,4,50,100,-2.0,0.1,2,1.0,0.5826737413050485
421,4,50,100,-2.0,0.5,4,0.9635221154038989,0.1499708736933632
423,4,50,100,-3.0,0.1,5,0.9537590567228695,0.5582430048243707
424,4,50,100,-3.0,0.5,3,0.9164464157171803,0.10781749635265052
426,4,60,100,-2.0,0.1,3,0.9425531200080726,0.5879410937944451
427,4,60,100,-2.0,0.5,5,0.9422694879988028,0.15812230514256528
429,4,60,100,-3.0,0.1,2,1.0,0.5900387111701887
430,4,60,100,-3.0,0.5,5,0.9370550495553103,0.11831927890424196
432,5,10,100,-2.0,0.1,5,0.9544283488403913,0.4432015489975917
433,5,10,100,-2.0,0.5,4,0.9522347646993141,0.13630764446620913
435,5,10,100,-3.0,0.1,3,0.9119380411697623,0.40132746946623965
436,5,10,100,-3.0,0.5,5,0.8915033124532712,0.00949798264614119
438,5,20,100,-2.0,0.1,2,1.0,0.5670590679698446
439,5,20,100,-2.0,0.5,2,0.9633515144510033,0.15877223174779906
441,5,20,100,-3.0,0.1,5,0.9217107906919251,0.5423637049438038
442,5,20,100,-3.0,0.5,3,0.9649760787061017,0.009795337034853094
444,5,30,100,-2.0,0.1,2,1.0,0.586783873198065
445,5,30,100,-2.0,0.5,5,0.9109170326487128,0.1489503996968247
447,5,30,100,-3.0,0.1,2,1.0,0.5485213199359855
448,5,30,100,-3.0,0.5,2,0.9390271784491173,0.10346780152950016
450,5,40,100,-2.0,0.1,4,0.9615849647355097,0.5796242233511196
451,5,40,100,-2.0,0.5,4,0.9451626143294508,0.1469378579649471
453,5,40,100,-3.0,0.1,2,1.0,0.5505650084325435
454,5,40,100,-3.0,0.5,3,0.9436044631536356,0.07212793946723128
456,5,50,100,-2.0,0.1,5,0.8242060763134602,0.5985441316116576
457,5,50,100,-2.0,0.5,5,0.9324154327797713,0.1620001292296121
459,5,50,100,-3.0,0.1,2,1.0,0.5592464756576508
460,5,50,100,-3.0,0.5,3,0.9289181398623816,0.05542787707148055
462,5,60,100,-2.0,0.1,2,1.0,0.5930227860160001
463,5,60,100,-2.0,0.5,4,0.9400778470086317,0.126967985508447
465,5,60,100,-3.0,0.1,4,0.9734475309263979,0.5948811311860865
466,5,60,100,-3.0,0.5,3,0.8854425160092178,0.08136260802971718
468,6,10,100,-2.0,0.1,2,1.0,0.5696676059045985
469,6,10,100,-2.0,0.5,4,0.8377974471306022,0.11432595862811412
471,6,10,100,-3.0,0.1,5,0.9639238791122742,0.5153067120468757
472,6,10,100,-3.0,0.5,3,0.9469514951124227,0.014344937126960023
474,6,20,100,-2.0,0.1,2,0.9925956790269057,0.5808697221348674
475,6,20,100,-2.0,0.5,5,0.7988675277542553,0.13940848149125015
477,6,20,100,-3.0,0.1,5,0.9660419050861443,0.5319069023561699
480,6,30,100,-2.0,0.1,4,0.926611233823013,0.5876700166304905
481,6,30,100,-2.0,0.5,4,0.946395483806085,0.13918235054521097
483,6,30,100,-3.0,0.1,3,0.9295617983469943,0.5538310482026746
484,6,30,100,-3.0,0.5,3,0.9517013781604148,0.038070805353830506
486,6,40,100,-2.0,0.1,5,0.9375367794210009,0.6030914905087398
487,6,40,100,-2.0,0.5,5,0.9262949107083214,0.14706617345410086
489,6,40,100,-3.0,0.1,4,0.9581903705811118,0.5601320266432459
490,6,40,100,-3.0,0.5,4,0.9581565738845641,0.07298995737518048
492,6,50,100,-2.0,0.1,5,0.930093085502716,0.5889653311511261
493,6,50,100,-2.0,0.5,3,0.9236759013445186,0.1597787479198938
495,6,50,100,-3.0,0.1,2,1.0,0.5858352780452759
496,6,50,100,-3.0,0.5,3,0.9288397896615582,0.06483073667973574
498,6,60,100,-2.0,0.1,2,0.9999999999999983,0.5994803245746908
499,6,60,100,-2.0,0.5,5,0.9497673673450937,0.14761598572280762
501,6,60,100,-3.0,0.1,2,0.9851912605440598,0.6094714196047905
502,6,60,100,-3.0,0.5,5,0.9306872636281216,0.06989806668313887
504,7,10,100,-2.0,0.1,5,0.8809129726384493,0.27517895648899177
505,7,10,100,-2.0,0.5,4,0.847851092978213,0.1515769366979173
507,7,10,100,-3.0,0.1,5,0.9572412170704614,0.49849926287979507
508,7,10,100,-3.0,0.5,2,0.9611602096846732,0.0009861195734761853
510,7,20,100,-2.0,0.1,2,1.0,0.577552482483179
511,7,20,100,-2.0,0.5,5,0.9789315197570062,0.16107114041022152
513,7,20,100,-3.0,0.1,5,0.9616481700360758,0.5386141685431364
514,7,20,100,-3.0,0.5,2,0.9447314123813918,0.010280216232670027
516,7,30,100,-2.0,0.1,2,0.9999999999999983,0.5771848193298597
517,7,30,100,-2.0,0.5,5,0.756893516908624,0.14026339956219988
519,7,30,100,-3.0,0.1,5,0.959134125877017,0.5404318780650315
520,7,30,100,-3.0,0.5,4,0.9693500348550672,0.003942866477128635
522,7,40,100,-2.0,0.1,5,0.932108273082451,0.6430197692997914
523,7,40,100,-2.0,0.5,5,0.9304281930621243,0.15987318966506908
525,7,40,100,-3.0,0.1,2,1.0,0.5509731770515828
526,7,40,100,-3.0,0.5,3,0.9203651145351721,0.07273442958940066
528,7,50,100,-2.0,0.1,3,0.8673608343327608,0.5960242240083982
529,7,50,100,-2.0,0.5,4,0.9051268119680164,0.15945113610593806
531,7,50,100,-3.0,0.1,2,0.9999999999999991,0.5931385260636971
532,7,50,100,-3.0,0.5,5,0.9616700063280894,0.051830982167278536
534,7,60,100,-2.0,0.1,4,0.9779734396383861,0.5810010632773237
535,7,60,100,-2.0,0.5,4,0.9513119434173833,0.15352147483574904
537,7,60,100,-3.0,0.1,2,0.9999999999999983,0.596254965615443
538,7,60,100,-3.0,0.5,5,0.9309135872692824,0.076127285682572
540,8,10,100,-2.0,0.1,2,0.9851372925158475,0.5688483687201153
541,8,10,100,-2.0,0.5,5,0.775901973203981,0.1624076959989568
543,8,10,100,-3.0,0.1,4,0.9522782855997128,0.39395678223378
546,8,20,100,-2.0,0.1,5,0.9541329427696179,0.5800554989538746
547,8,20,100,-2.0,0.5,5,0.8357760759008326,0.15784786027903855
549,8,20,100,-3.0,0.1,5,0.9629675963434379,0.5286122802546148
550,8,20,100,-3.0,0.5,4,0.9343842641393301,0.010599324993005163
552,8,30,100,-2.0,0.1,4,0.9801521350608682,0.6360065968973572
553,8,30,100,-2.0,0.5,3,0.9914756940611756,0.1516058301486776
555,8,30,100,-3.0,0.1,4,0.9711760664292157,0.540648247936539
556,8,30,100,-3.0,0.5,5,0.9311906407583839,0.04554310245981581
558,8,40,100,-2.0,0.1,5,0.880075951417127,0.5853525602358707
559,8,40,100,-2.0,0.5,4,0.9430937684006211,0.13478583248749001
561,8,40,100,-3.0,0.1,4,0.9681206092753476,0.5466618723970479
562,8,40,100,-3.0,0.5,3,0.9844496362765991,0.08763600788814684
564,8,50,100,-2.0,0.1,4,0.8970021461194115,0.6479480863732334
565,8,50,100,-2.0,0.5,3,0.933338110021535,0.11287246859557558
567,8,50,100,-3.0,0.1,4,0.8794391515931159,0.5942327916605253
568,8,50,100,-3.0,0.5,5,0.9630837278946491,0.08572386033564038
570,8,60,100,-2.0,0.1,4,0.9534235977073531,0.6203280964848825
571,8,60,100,-2.0,0.5,4,0.9274202725072638,0.13926199888512036
573,8,60,100,-3.0,0.1,2,1.0,0.6040340405916301
574,8,60,100,-3.0,0.5,4,0.9789953570239202,0.09924132789535452
576,9,10,100,-2.0,0.1,2,0.9851557763825377,0.5687811414573218
577,9,10,100,-2.0,0.5,3,0.926562956322031,0.112876222790558
579,9,10,100,-3.0,0.1,3,0.9242404887917594,0.3636298681622629
582,9,20,100,-2.0,0.1,4,0.9318491591548828,0.46507949964226475
583,9,20,100,-2.0,0.5,2,0.9442367741667815,0.14633762617670948
585,9,20,100,-3.0,0.1,5,0.9574074635086327,0.5113611304336678
586,9,20,100,-3.0,0.5,5,0.9370255454819438,0.006861012339456749
588,9,30,100,-2.0,0.1,3,0.9906381570357594,0.5931088776027964
589,9,30,100,-2.0,0.5,5,0.8988489837340901,0.14058862784462905
591,9,30,100,-3.0,0.1,2,1.0,0.5342433149898826
592,9,30,100,-3.0,0.5,3,0.9265044382941767,0.009316919745261436
594,9,40,100,-2.0,0.1,4,0.9353905134696624,0.572586973584462
595,9,40,100,-2.0,0.5,5,0.9179918424155487,0.15519736139739007
597,9,40,100,-3.0,0.1,5,0.9416225191031925,0.5369525765248363
598,9,40,100,-3.0,0.5,4,0.9449869506644999,0.0024933567743192476
600,9,50,100,-2.0,0.1,5,0.9242643758796212,0.5817760483511426
601,9,50,100,-2.0,0.5,4,0.8737552150647738,0.1426583083952563
603,9,50,100,-3.0,0.1,4,0.9656962879196491,0.5823866053419563
604,9,50,100,-3.0,0.5,4,0.9461760086795594,0.06376316307701013
606,9,60,100,-2.0,0.1,5,0.8549807047308001,0.6460047955056841
607,9,60,100,-2.0,0.5,3,0.96564215771952,0.15409040102214686
609,9,60,100,-3.0,0.1,4,0.94062024414245,0.5935330263091688
610,9,60,100,-3.0,0.5,5,0.9322004756489777,0.11447218446673398
612,10,10,100,-2.0,0.1,5,0.9577092165754867,0.5696720352207635
613,10,10,100,-2.0,0.5,2,0.9585142099447591,0.12455115043609874
615,10,10,100,-3.0,0.1,5,0.9531742636916345,0.4709921972945125
618,10,20,100,-2.0,0.1,4,0.9416452860624,0.6137288663394964
619,10,20,100,-2.0,0.5,5,0.9528251513680892,0.11915122276674131
621,10,20,100,-3.0,0.1,5,0.9639397748167606,0.5211449389259785
622,10,20,100,-3.0,0.5,4,0.884822788252525,0.010313316069162701
624,10,30,100,-2.0,0.1,2,1.0,0.584793967026868
625,10,30,100,-2.0,0.5,4,0.922222352072406,0.15069610199465858
627,10,30,100,-3.0,0.1,5,0.9562557937701979,0.5348546622313246
630,10,40,100,-2.0,0.1,4,0.9635934418780892,0.5787921203243036
631,10,40,100,-2.0,0.5,4,0.8737353068048519,0.13824548023074262
633,10,40,100,-3.0,0.1,2,1.0,0.5465512075441025
634,10,40,100,-3.0,0.5,2,0.9114278892477341,0.03654476312431073
636,10,50,100,-2.0,0.1,3,0.9903671252281905,0.6525956774997039
637,10,50,100,-2.0,0.5,3,0.918518510274157,0.14864330122788755
639,10,50,100,-3.0,0.1,5,0.95831866051728,0.5808337920781138
640,10,50,100,-3.0,0.5,3,0.952258442009227,0.04191108059154186
642,10,60,100,-2.0,0.1,5,0.8973279003046484,0.6341184087629179
643,10,60,100,-2.0,0.5,3,0.9530904143791786,0.1380156562941082
645,10,60,100,-3.0,0.1,4,0.8813049447381611,0.6083783555864027
646,10,60,100,-3.0,0.5,4,0.9290665371352644,0.08081900662530735
648,2,10,110,-2.0,0.1,4,0.9125662208812843,0.352624473616261
649,2,10,110,-2.0,0.5,3,0.7146268598131426,0.14252334779497997
651,2,10,110,-3.0,0.1,3,0.855763408395555,0.3984032994055109
652,2,10,110,-3.0,0.5,5,0.8741289723631684,0.007860763959883327
654,2,20,110,-2.0,0.1,5,0.8962294034934423,0.35800356590075
655,2,20,110,-2.0,0.5,5,0.9393214869829427,0.13986294714549127
657,2,20,110,-3.0,0.1,4,0.9173740739204919,0.4444127727207084
660,2,30,110,-2.0,0.1,5,0.9240579968951262,0.4909837463092995
661,2,30,110,-2.0,0.5,5,0.9111449385792868,0.16248093104337208
663,2,30,110,-3.0,0.1,5,0.867555312882007,0.4451462556369861
664,2,30,110,-3.0,0.5,5,0.9518381329367065,0.030210354238782666
666,2,40,110,-2.0,0.1,3,0.9746042884325902,0.5026932814219889
667,2,40,110,-2.0,0.5,4,0.8925391852688321,0.13768804241180777
669,2,40,110,-3.0,0.1,5,0.8944113529359101,0.44225762249975414
670,2,40,110,-3.0,0.5,3,0.8948085689956053,0.12755110313003398
672,2,50,110,-2.0,0.1,5,0.9303346311092644,0.5396054305287692
673,2,50,110,-2.0,0.5,5,0.8407843168895434,0.15622959968147831
675,2,50,110,-3.0,0.1,5,0.8356744352326277,0.4749982488595094
676,2,50,110,-3.0,0.5,3,0.9062001639564561,0.14487496329265787
678,2,60,110,-2.0,0.1,4,0.9532391160292732,0.48796668758519673
679,2,60,110,-2.0,0.5,4,0.9322294916734981,0.15207637606423696
681,2,60,110,-3.0,0.1,4,0.9609631018812229,0.47238735453926595
682,2,60,110,-3.0,0.5,3,0.8623824412269603,0.15386065266289545
684,3,10,110,-2.0,0.1,4,0.982476470564335,0.46733440819258687
685,3,10,110,-2.0,0.5,5,0.9418034195092408,0.15427499340198483
687,3,10,110,-3.0,0.1,5,0.9673231303673506,0.42582263498744427
688,3,10,110,-3.0,0.5,2,0.9118811277737917,0.007067134659024683
690,3,20,110,-2.0,0.1,4,0.981163335860533,0.46791671366748777
691,3,20,110,-2.0,0.5,2,0.9535601429846646,0.15149335293711455
693,3,20,110,-3.0,0.1,5,0.9706643373654831,0.5507505206637501
696,3,30,110,-2.0,0.1,5,0.9749894299875348,0.47587454132466045
697,3,30,110,-2.0,0.5,4,0.8779762707676921,0.16255613651243003
699,3,30,110,-3.0,0.1,5,0.9727732419434217,0.5442248028373824
700,3,30,110,-3.0,0.5,4,0.9342903062290064,0.14662626258875056
702,3,40,110,-2.0,0.1,5,0.9468250023290999,0.5794007005495919
703,3,40,110,-2.0,0.5,4,0.9494672554939334,0.1422788939404363
705,3,40,110,-3.0,0.1,5,0.9613996743034547,0.5548290750042741
706,3,40,110,-3.0,0.5,3,0.9472651692676461,0.12520249773719597
708,3,50,110,-2.0,0.1,5,0.8677805217204532,0.5785399232483834
709,3,50,110,-2.0,0.5,4,0.8830342658755232,0.1710115408602489
711,3,50,110,-3.0,0.1,2,1.0,0.5684882949735554
712,3,50,110,-3.0,0.5,5,0.9422052720902637,0.10399670277120948
714,3,60,110,-2.0,0.1,5,0.9673038269374824,0.5880041009681903
715,3,60,110,-2.0,0.5,5,0.9147264021210224,0.17009049189741812
717,3,60,110,-3.0,0.1,5,0.9517529954990736,0.5706051804365408
718,3,60,110,-3.0,0.5,5,0.9582561224970252,0.1549193469171965
720,4,10,110,-2.0,0.1,4,0.943618486750022,0.5672432854278703
721,4,10,110,-2.0,0.5,5,0.9060628868174452,0.15392304984870236
723,4,10,110,-3.0,0.1,5,0.9484456710103644,0.41841474170282483
724,4,10,110,-3.0,0.5,5,0.8765034229335669,0.07716923503491574
726,4,20,110,-2.0,0.1,5,0.9727007479113857,0.5879874125156288
727,4,20,110,-2.0,0.5,3,0.967167997308076,0.16510745889170245
729,4,20,110,-3.0,0.1,5,0.9737258522002508,0.5278259751372022
730,4,20,110,-3.0,0.5,2,0.953337765006232,0.05501163884881341
732,4,30,110,-2.0,0.1,5,0.9499006828414984,0.5749476872076229
733,4,30,110,-2.0,0.5,5,0.7443799962292513,0.1616731287431522
735,4,30,110,-3.0,0.1,5,0.952614462872833,0.5453328204634867
736,4,30,110,-3.0,0.5,2,0.9739223719605095,0.007489238949038143
738,4,40,110,-2.0,0.1,5,0.9358940641470421,0.5798981988684007
739,4,40,110,-2.0,0.5,4,0.9052198281540724,0.14330931567450633
741,4,40,110,-3.0,0.1,5,0.9538593229291117,0.5539581765792119
742,4,40,110,-3.0,0.5,5,0.9278927974683747,0.08200958732834587
744,4,50,110,-2.0,0.1,2,1.0,0.5873923634869234
745,4,50,110,-2.0,0.5,4,0.9390224691304301,0.15387172108867248
747,4,50,110,-3.0,0.1,2,0.9851796940447008,0.5601891807055621
748,4,50,110,-3.0,0.5,3,0.889006515962742,0.1210161945986307
750,4,60,110,-2.0,0.1,5,0.950695424616651,0.5881088902230458
751,4,60,110,-2.0,0.5,3,0.9289681122861982,0.16847063348120903
753,4,60,110,-3.0,0.1,2,1.0,0.6063382423060383
754,4,60,110,-3.0,0.5,5,0.9474371846349396,0.1268917890212176
756,5,10,110,-2.0,0.1,5,0.9602653399920849,0.4544009705921011
757,5,10,110,-2.0,0.5,4,0.7959692112797191,0.15218365016425575
759,5,10,110,-3.0,0.1,5,0.9323087390761129,0.4070956520747939
760,5,10,110,-3.0,0.5,5,0.911986255012907,0.01371580430396148
762,5,20,110,-2.0,0.1,5,0.9575611054086901,0.5662742780808137
763,5,20,110,-2.0,0.5,4,0.6087874647883478,0.14736952579299764
765,5,20,110,-3.0,0.1,2,1.0,0.556373830919143
766,5,20,110,-3.0,0.5,3,0.9545662304753015,0.011967197114707383
768,5,30,110,-2.0,0.1,2,0.9999999999999993,0.5753338398319433
769,5,30,110,-2.0,0.5,4,0.9106520625884107,0.14043248785792192
771,5,30,110,-3.0,0.1,2,1.0,0.5505094376576363
772,5,30,110,-3.0,0.5,2,0.934671973833296,0.1032110870603058
774,5,40,110,-2.0,0.1,3,0.9596081338187745,0.5825038196583935
775,5,40,110,-2.0,0.5,5,0.9379050858161639,0.14546613981945927
777,5,40,110,-3.0,0.1,2,1.0,0.5550115027965011
778,5,40,110,-3.0,0.5,3,0.9602747198768555,0.0794725623852176
780,5,50,110,-2.0,0.1,2,0.9617166849481349,0.6107160445085807
781,5,50,110,-2.0,0.5,2,0.9290656755633102,0.1543867373371589
783,5,50,110,-3.0,0.1,2,1.0,0.5718068668635847
784,5,50,110,-3.0,0.5,3,0.9222335863226485,0.07854042668768285
786,5,60,110,-2.0,0.1,2,0.9999999999999991,0.5937551898935672
787,5,60,110,-2.0,0.5,4,0.8933655544757346,0.13080211341794742
789,5,60,110,-3.0,0.1,4,0.9865809636073826,0.6042879951540745
790,5,60,110,-3.0,0.5,3,0.9492502704127377,0.0973591989599293
792,6,10,110,-2.0,0.1,2,0.9999999999999987,0.5749641827266136
793,6,10,110,-2.0,0.5,4,0.8663947701165469,0.10938980569683601
795,6,10,110,-3.0,0.1,5,0.9676687069921088,0.5232066620326163
796,6,10,110,-3.0,0.5,3,0.9386591115205254,0.01833110763997706
798,6,20,110,-2.0,0.1,2,0.9999999999999984,0.583546489361807
799,6,20,110,-2.0,0.5,5,0.7358463533823636,0.1441448142832749
801,6,20,110,-3.0,0.1,5,0.9486423925163247,0.5378386458795329
802,6,20,110,-3.0,0.5,5,0.9616520581648201,0.009033793624812016
804,6,30,110,-2.0,0.1,5,0.9331556533042004,0.5854424006582075
805,6,30,110,-2.0,0.5,5,0.9627058580677181,0.1487397475081102
807,6,30,110,-3.0,0.1,2,1.0,0.5661066680953059
808,6,30,110,-3.0,0.5,3,0.9585022793216136,0.06047844685936527
810,6,40,110,-2.0,0.1,2,1.0,0.6050880361363574
811,6,40,110,-2.0,0.5,4,0.9694093825415471,0.1560503242099402
813,6,40,110,-3.0,0.1,3,0.8086270510044145,0.5653076814976058
814,6,40,110,-3.0,0.5,4,0.9298594469636601,0.08334523431947008
816,6,50,110,-2.0,0.1,4,0.8275598039122241,0.5938600250906537
817,6,50,110,-2.0,0.5,3,0.9334931455073742,0.15556856287391135
819,6,50,110,-3.0,0.1,2,1.0,0.5956068800090187
820,6,50,110,-3.0,0.5,2,0.968572661221445,0.0743073618759483
822,6,60,110,-2.0,0.1,2,0.9999999999999984,0.6027132754113569
823,6,60,110,-2.0,0.5,5,0.9569241806589687,0.14696186016929205
825,6,60,110,-3.0,0.1,2,0.9851912605440598,0.6165254498596401
826,6,60,110,-3.0,0.5,5,0.9614921939420373,0.07803889222361676
828,7,10,110,-2.0,0.1,5,0.8338486261404945,0.30062145175715876
829,7,10,110,-2.0,0.5,4,0.794568756026252,0.14335098630130855
831,7,10,110,-3.0,0.1,5,0.9641091467355769,0.5068395053296023
832,7,10,110,-3.0,0.5,2,0.9187709429168045,0.006062502657242603
834,7,20,110,-2.0,0.1,5,0.9382705301845957,0.5713520260477809
835,7,20,110,-2.0,0.5,5,0.9430545124761135,0.1462416666530429
837,7,20,110,-3.0,0.1,4,0.9931495221372262,0.5435822097942207
838,7,20,110,-3.0,0.5,3,0.9454724181608907,0.023366426484595974
840,7,30,110,-2.0,0.1,3,0.9237202754750082,0.569234286962121
841,7,30,110,-2.0,0.5,4,0.78888010401833,0.1558134064818136
843,7,30,110,-3.0,0.1,4,0.9578998070167697,0.5404139434396743
844,7,30,110,-3.0,0.5,4,0.9588659092773564,0.023113663370809348
846,7,40,110,-2.0,0.1,3,0.9544587647311316,0.6365961863558025
847,7,40,110,-2.0,0.5,3,0.9322623882437933,0.1730377885388162
849,7,40,110,-3.0,0.1,2,1.0,0.5539897518454161
850,7,40,110,-3.0,0.5,3,0.9014023791131718,0.08159549626356682
852,7,50,110,-2.0,0.1,5,0.9259561633610156,0.5947826165701708
853,7,50,110,-2.0,0.5,2,0.965158725052802,0.14435315021786688
855,7,50,110,-3.0,0.1,2,1.0,0.6015185023473855
856,7,50,110,-3.0,0.5,4,0.7999606849461431,0.07374680087801896
858,7,60,110,-2.0,0.1,4,0.9397345143268874,0.591059797995512
859,7,60,110,-2.0,0.5,3,0.9652509102017264,0.16133842862435827
861,7,60,110,-3.0,0.1,4,0.8507717853930865,0.6072893085772741
862,7,60,110,-3.0,0.5,5,0.9064290709297607,0.09879316134642349
864,8,10,110,-2.0,0.1,2,1.0,0.5753533306031671
865,8,10,110,-2.0,0.5,3,0.9648473176711889,0.15280711696891855
867,8,10,110,-3.0,0.1,5,0.9396211710915238,0.4110872931930791
870,8,20,110,-2.0,0.1,4,0.9556580633136866,0.5728031120144867
871,8,20,110,-2.0,0.5,5,0.9475276403458079,0.15368451758324245
873,8,20,110,-3.0,0.1,5,0.9636494933700107,0.5308637781669235
874,8,20,110,-3.0,0.5,4,0.941579070230695,0.02073348920053317
876,8,30,110,-2.0,0.1,4,0.8757844622506367,0.6428339599002606
877,8,30,110,-2.0,0.5,4,0.9390020428613759,0.1672602771957999
879,8,30,110,-3.0,0.1,4,0.9655986692996801,0.5506575596554373
880,8,30,110,-3.0,0.5,5,0.9409923412320202,0.06064436219075454
882,8,40,110,-2.0,0.1,4,0.8098031320141521,0.5948072331164526
883,8,40,110,-2.0,0.5,4,0.8651824237052348,0.17047721112118183
885,8,40,110,-3.0,0.1,4,0.961458805799337,0.5534305441086061
886,8,40,110,-3.0,0.5,5,0.9484569871036541,0.11377192781784785
888,8,50,110,-2.0,0.1,5,0.942433194701852,0.6322869508377416
889,8,50,110,-2.0,0.5,3,0.8976185177546081,0.12124730580122148
891,8,50,110,-3.0,0.1,4,0.9552301583914367,0.6015750077047682
892,8,50,110,-3.0,0.5,3,0.9402342835683549,0.0945680788957495
894,8,60,110,-2.0,0.1,5,0.852529115929281,0.6268837855307019
895,8,60,110,-2.0,0.5,3,0.9040936615729769,0.15957053952107128
897,8,60,110,-3.0,0.1,2,1.0,0.6108934259534398
898,8,60,110,-3.0,0.5,3,0.9267191821613682,0.10982905769072274
900,9,10,110,-2.0,0.1,5,0.9539041553719226,0.5675619265163143
901,9,10,110,-2.0,0.5,5,0.9282256230087644,0.15908240826434542
903,9,10,110,-3.0,0.1,3,0.9110303498333323,0.37163844818168335
906,9,20,110,-2.0,0.1,2,0.9852027300925494,0.47206986605014656
907,9,20,110,-2.0,0.5,2,0.944197171145243,0.157095756575182
909,9,20,110,-3.0,0.1,5,0.9491288928518697,0.5269150035031698
910,9,20,110,-3.0,0.5,5,0.9193178260110726,0.019159874163779962
912,9,30,110,-2.0,0.1,5,0.9352056335499964,0.5810603619414196
913,9,30,110,-2.0,0.5,5,0.9228959617487782,0.15642464130295206
915,9,30,110,-3.0,0.1,2,1.0,0.5408519311716821
916,9,30,110,-3.0,0.5,4,0.9781676262315384,0.031409007039626714
918,9,40,110,-2.0,0.1,4,0.9341786170388982,0.5869150668141746
919,9,40,110,-2.0,0.5,5,0.8955223002508553,0.15107540052455898
921,9,40,110,-3.0,0.1,5,0.9553489762426592,0.5457226080116057
922,9,40,110,-3.0,0.5,4,0.9388727179521252,0.023123120581877606
924,9,50,110,-2.0,0.1,4,0.9627494724702645,0.5825595085175868
925,9,50,110,-2.0,0.5,5,0.8633221949794017,0.15983852493222134
927,9,50,110,-3.0,0.1,4,0.968902118188885,0.5897680872070711
928,9,50,110,-3.0,0.5,4,0.9545572458378955,0.076581850864054
930,9,60,110,-2.0,0.1,5,0.8344873439136492,0.6409431466618066
931,9,60,110,-2.0,0.5,5,0.8883418237253686,0.14136642679531222
933,9,60,110,-3.0,0.1,4,0.9378253448177962,0.5988498003523186
934,9,60,110,-3.0,0.5,5,0.9606541136851063,0.12715579413348643
936,10,10,110,-2.0,0.1,4,0.9509515012827157,0.572449463480602
937,10,10,110,-2.0,0.5,2,0.9536392504591306,0.13161004538039808
939,10,10,110,-3.0,0.1,5,0.9510123473216254,0.49770014128722034
942,10,20,110,-2.0,0.1,4,0.9875736892757423,0.6303085013408923
943,10,20,110,-2.0,0.5,5,0.8901680952862667,0.15732171687097954
945,10,20,110,-3.0,0.1,5,0.9443243062757967,0.5248782188498149
946,10,20,110,-3.0,0.5,4,0.9133885882026747,0.01700594293985652
948,10,30,110,-2.0,0.1,4,0.877402456325703,0.5901905887438793
949,10,30,110,-2.0,0.5,4,0.9509681413876812,0.15578889689096614
951,10,30,110,-3.0,0.1,5,0.9527815298629999,0.5452030155213066
952,10,30,110,-3.0,0.5,4,0.9023738578347287,0.0008906276317157101
954,10,40,110,-2.0,0.1,4,0.9747555352414703,0.5652891530702391
955,10,40,110,-2.0,0.5,4,0.9550225598254192,0.1422228749750776
957,10,40,110,-3.0,0.1,2,0.9792753604772035,0.5564513954156171
958,10,40,110,-3.0,0.5,4,0.9415259323697339,0.054408043579602945
960,10,50,110,-2.0,0.1,3,0.9607187676136522,0.6446725525494126
961,10,50,110,-2.0,0.5,5,0.9223768495195839,0.15435641316666868
963,10,50,110,-3.0,0.1,5,0.9567907272285452,0.5916171409621783
964,10,50,110,-3.0,0.5,5,0.9623297700881244,0.06536507207531714
966,10,60,110,-2.0,0.1,4,0.993041447705715,0.6217887603852916
967,10,60,110,-2.0,0.5,3,0.9421556806722795,0.13854025953345042
969,10,60,110,-3.0,0.1,5,0.8593342906400185,0.6172878618567154
970,10,60,110,-3.0,0.5,4,0.9681796675555308,0.0749273148637705
972,2,10,120,-2.0,0.1,5,0.9207813406763932,0.4334980454820353
973,2,10,120,-2.0,0.5,2,0.9399374134006224,0.1555455018949736
975,2,10,120,-3.0,0.1,3,0.9077501976858657,0.4007792051485695
976,2,10,120,-3.0,0.5,4,0.8178393917813755,0.015841558696264614
978,2,20,120,-2.0,0.1,5,0.933407795360598,0.3681271973703909
979,2,20,120,-2.0,0.5,5,0.87413422955662,0.16519438699089092
981,2,20,120,-3.0,0.1,4,0.9288969374907824,0.44853519170186906
984,2,30,120,-2.0,0.1,5,0.9474774171683953,0.496240289914475
985,2,30,120,-2.0,0.5,4,0.965850118491872,0.17109296251151845
987,2,30,120,-3.0,0.1,4,0.8969110981121012,0.4495484048516416
988,2,30,120,-3.0,0.5,3,0.9208375855676718,0.054564313428013066
990,2,40,120,-2.0,0.1,4,0.9434424090616722,0.48664708763325565
991,2,40,120,-2.0,0.5,4,0.883753105704812,0.13486360386221774
993,2,40,120,-3.0,0.1,5,0.9498979102193524,0.45005412847257237
994,2,40,120,-3.0,0.5,3,0.8849223658419092,0.13817325628106228
996,2,50,120,-2.0,0.1,5,0.9302324357445095,0.5396369728802469
997,2,50,120,-2.0,0.5,3,0.9235799708560117,0.1613079743244719
999,2,50,120,-3.0,0.1,5,0.8198042089217407,0.4827557230451401
1000,2,50,120,-3.0,0.5,4,0.8409697702763645,0.15087735986604686
1002,2,60,120,-2.0,0.1,4,0.9360818555701667,0.4968875128207757
1003,2,60,120,-2.0,0.5,5,0.9264015359268957,0.16086135927654216
1005,2,60,120,-3.0,0.1,5,0.9305262036682738,0.4769855107502286
1006,2,60,120,-3.0,0.5,5,0.9166798633174634,0.1656251511995396
1008,3,10,120,-2.0,0.1,2,0.9999999999999989,0.46281221277442963
1009,3,10,120,-2.0,0.5,3,0.8983919066640718,0.15875451611598917
1011,3,10,120,-3.0,0.1,5,0.9608937500728253,0.475001422897433
1012,3,10,120,-3.0,0.5,2,0.9563590618427719,0.013650350217256826
1014,3,20,120,-2.0,0.1,5,0.9659880315535507,0.47199762674808043
1015,3,20,120,-2.0,0.5,2,0.9534373459472385,0.1565835986671099
1017,3,20,120,-3.0,0.1,5,0.9685096256474724,0.5551384307058642
1020,3,30,120,-2.0,0.1,5,0.9187192521788031,0.4634373133829534
1021,3,30,120,-2.0,0.5,4,0.8871634084793845,0.13774512457592156
1023,3,30,120,-3.0,0.1,5,0.9692673759207394,0.5489922608288507
1024,3,30,120,-3.0,0.5,5,0.9440979444752056,0.14942135350773134
1026,3,40,120,-2.0,0.1,5,0.9281102387134756,0.5857655705961191
1027,3,40,120,-2.0,0.5,5,0.9242216101731849,0.1388735670045011
1029,3,40,120,-3.0,0.1,5,0.9611324075240117,0.5545778261940842
1030,3,40,120,-3.0,0.5,4,0.8906079121506527,0.13644462767341783
1032,3,50,120,-2.0,0.1,5,0.8974121049815664,0.5806059675747771
1033,3,50,120,-2.0,0.5,4,0.9136908019847978,0.15338755740312568
1035,3,50,120,-3.0,0.1,4,0.9198398345556483,0.5690077598084886
1036,3,50,120,-3.0,0.5,5,0.869597357015675,0.10944176841223985
1038,3,60,120,-2.0,0.1,2,1.0,0.5876762884912891
1039,3,60,120,-2.0,0.5,4,0.8766787128782314,0.14004687932708026
1041,3,60,120,-3.0,0.1,5,0.956385620756748,0.573433459365317
1042,3,60,120,-3.0,0.5,4,0.8593621750221544,0.15826059508569149
1044,4,10,120,-2.0,0.1,4,0.980196798833159,0.5598240093608393
1045,4,10,120,-2.0,0.5,3,0.9553362729730015,0.15098859625907923
1047,4,10,120,-3.0,0.1,5,0.9343908769989222,0.43864689349036284
1048,4,10,120,-3.0,0.5,5,0.8736975735443089,0.08676494350479018
1050,4,20,120,-2.0,0.1,2,0.9999999999999996,0.5811852551915331
1051,4,20,120,-2.0,0.5,4,0.9354052834756741,0.15293515088249734
1053,4,20,120,-3.0,0.1,4,0.9668090768975622,0.5349702877892949
1054,4,20,120,-3.0,0.5,5,0.8836359528387412,0.06696646709173902
1056,4,30,120,-2.0,0.1,5,0.9270902253574559,0.5762130409170014
1057,4,30,120,-2.0,0.5,4,0.8975514570972793,0.14717723408168037
1059,4,30,120,-3.0,0.1,5,0.9584189254005835,0.5530865319452036
1060,4,30,120,-3.0,0.5,3,0.9202550193750905,0.01742005028284521
1062,4,40,120,-2.0,0.1,2,1.0,0.5821045817997993
1063,4,40,120,-2.0,0.5,2,0.9587771752174836,0.15371508340521886
1065,4,40,120,-3.0,0.1,5,0.9514275210350499,0.5569695472181353
1066,4,40,120,-3.0,0.5,5,0.9564542351396803,0.1100731662890082
1068,4,50,120,-2.0,0.1,2,1.0,0.5865332813184411
1069,4,50,120,-2.0,0.5,5,0.9658889911530439,0.13068633553277742
1071,4,50,120,-3.0,0.1,2,1.0,0.5733320833828209
1072,4,50,120,-3.0,0.5,4,0.9258419673143672,0.13287140132464728
1074,4,60,120,-2.0,0.1,2,1.0,0.5845996163351624
1075,4,60,120,-2.0,0.5,5,0.9078981562665915,0.13653463912168942
1077,4,60,120,-3.0,0.1,2,1.0,0.6167365847660033
1078,4,60,120,-3.0,0.5,3,0.9341326022249954,0.12884906544443514
1080,5,10,120,-2.0,0.1,4,0.960912741661485,0.47543423196806767
1081,5,10,120,-2.0,0.5,2,0.9284213129945014,0.15737551740694053
1083,5,10,120,-3.0,0.1,5,0.9392634010530678,0.40863878425350614
1084,5,10,120,-3.0,0.5,5,0.9059073070473327,0.01728848284342138
1086,5,20,120,-2.0,0.1,2,1.0,0.5770552481898414
1087,5,20,120,-2.0,0.5,2,0.9685654252580107,0.15709778142292988
1089,5,20,120,-3.0,0.1,2,1.0,0.569048580809554
1090,5,20,120,-3.0,0.5,3,0.968984186214906,0.017128407046852857
1092,5,30,120,-2.0,0.1,2,1.0,0.5862224747898219
1093,5,30,120,-2.0,0.5,5,0.7856831765920549,0.13944073884412858
1095,5,30,120,-3.0,0.1,2,1.0,0.5540374163943759
1096,5,30,120,-3.0,0.5,2,0.9679087298228981,0.11121294397886063
1098,5,40,120,-2.0,0.1,4,0.9606513011018135,0.5831053815414357
1099,5,40,120,-2.0,0.5,4,0.9809752535348337,0.13449451189226283
1101,5,40,120,-3.0,0.1,2,1.0,0.5573548172382948
1102,5,40,120,-3.0,0.5,3,0.9534153702652248,0.083265559440062
1104,5,50,120,-2.0,0.1,4,0.9581307594579538,0.6054888951873174
1105,5,50,120,-2.0,0.5,5,0.8988132768895523,0.13850243939077297
1107,5,50,120,-3.0,0.1,2,1.0,0.5797250400759888
1108,5,50,120,-3.0,0.5,3,0.904290732591527,0.1029860278424718
1110,5,60,120,-2.0,0.1,5,0.8938087826344164,0.5933585375922324
1111,5,60,120,-2.0,0.5,5,0.9524750098773027,0.1387054980663373
1113,5,60,120,-3.0,0.1,5,0.9894078128551869,0.6073452725472325
1114,5,60,120,-3.0,0.5,5,0.921765429693878,0.09886263044245988
1116,6,10,120,-2.0,0.1,4,0.871618891827101,0.5697833295203748
1117,6,10,120,-2.0,0.5,3,0.8717449033307996,0.11822425137919769
1119,6,10,120,-3.0,0.1,5,0.964358979997405,0.5292104627798757
1120,6,10,120,-3.0,0.5,3,0.9526153235898556,0.021575206757478427
1122,6,20,120,-2.0,0.1,5,0.9567097412963761,0.5866594851014822
1123,6,20,120,-2.0,0.5,4,0.920086380659872,0.14303837173085437
1125,6,20,120,-3.0,0.1,5,0.9502870826370541,0.5396560632243407
1126,6,20,120,-3.0,0.5,5,0.9161778512093269,0.019328924645234342
1128,6,30,120,-2.0,0.1,4,0.9044786902253552,0.5884039926383321
1129,6,30,120,-2.0,0.5,5,0.966402125068251,0.15859909470769848
1131,6,30,120,-3.0,0.1,2,1.0,0.580477127980127
1132,6,30,120,-3.0,0.5,3,0.9318686284327167,0.08338009295623983
1134,6,40,120,-2.0,0.1,5,0.9435435011552276,0.6002450705970507
1135,6,40,120,-2.0,0.5,5,0.9140419924700012,0.16049021628214252
1137,6,40,120,-3.0,0.1,2,1.0,0.5695931580523017
1138,6,40,120,-3.0,0.5,5,0.9725561719313922,0.09521381813015765
1140,6,50,120,-2.0,0.1,2,1.0,0.589800226605636
1141,6,50,120,-2.0,0.5,4,0.9186127913646069,0.1500110289414658
1143,6,50,120,-3.0,0.1,2,1.0,0.5994812262828786
1144,6,50,120,-3.0,0.5,3,0.950268570908568,0.07823546844070353
1146,6,60,120,-2.0,0.1,4,0.8340646930032469,0.6138424472003114
1147,6,60,120,-2.0,0.5,4,0.9341242936368337,0.16051288697794222
1149,6,60,120,-3.0,0.1,2,0.9851912605440598,0.6222594959469007
1150,6,60,120,-3.0,0.5,4,0.9709706699746131,0.09207154582542791
1152,7,10,120,-2.0,0.1,5,0.7979216191557782,0.3044767147224276
1153,7,10,120,-2.0,0.5,4,0.938157211036365,0.15344755808231095
1155,7,10,120,-3.0,0.1,5,0.9565684156189471,0.5126999660524397
1156,7,10,120,-3.0,0.5,5,0.8707916519600158,0.012930682208688904
1158,7,20,120,-2.0,0.1,5,0.933134566514094,0.5764685253096719
1159,7,20,120,-2.0,0.5,3,0.921545154201245,0.15408492643924487
1161,7,20,120,-3.0,0.1,4,0.990359196808578,0.5460257127210668
1162,7,20,120,-3.0,0.5,5,0.8715149664894151,0.03541659490949031
1164,7,30,120,-2.0,0.1,4,0.9355694492717771,0.5758997953820155
1165,7,30,120,-2.0,0.5,5,0.7292309815912759,0.14300651840007556
1167,7,30,120,-3.0,0.1,4,0.9504281930360391,0.5426891940500387
1168,7,30,120,-3.0,0.5,3,0.9035064908655035,0.042087847748748644
1170,7,40,120,-2.0,0.1,4,0.9762092761027685,0.6385568904567922
1171,7,40,120,-2.0,0.5,5,0.9477001295517746,0.1619180988400202
1173,7,40,120,-3.0,0.1,2,1.0,0.5561723395632052
1174,7,40,120,-3.0,0.5,3,0.9119514861423157,0.09548210238914423
1176,7,50,120,-2.0,0.1,2,1.0,0.586636912680186
1177,7,50,120,-2.0,0.5,5,0.9098619110818419,0.16324493963776884
1179,7,50,120,-3.0,0.1,2,1.0,0.6075090777696145
1180,7,50,120,-3.0,0.5,5,0.9508002340414311,0.0857783674137773
1182,7,60,120,-2.0,0.1,2,0.97354813865064,0.5867766049843091
1183,7,60,120,-2.0,0.5,3,0.9293104192694162,0.15814646358736603
1185,7,60,120,-3.0,0.1,4,0.796183479816222,0.617205020296265
1186,7,60,120,-3.0,0.5,3,0.9624671521372741,0.10999387629830727
1188,8,10,120,-2.0,0.1,5,0.9140483988513581,0.5715766300667611
1189,8,10,120,-2.0,0.5,3,0.9721736604821123,0.14744323734584577
1191,8,10,120,-3.0,0.1,5,0.9752183424529102,0.4438050927852738
1194,8,20,120,-2.0,0.1,5,0.9542325438887878,0.5818615775466252
1195,8,20,120,-2.0,0.5,4,0.9176006645234246,0.13255667751209285
1197,8,20,120,-3.0,0.1,5,0.9590306861414994,0.5397154972509212
1198,8,20,120,-3.0,0.5,4,0.9509223695665521,0.03082886713520998
1200,8,30,120,-2.0,0.1,2,1.0,0.6439416136497905
1201,8,30,120,-2.0,0.5,4,0.935699327913686,0.165516800081906
1203,8,30,120,-3.0,0.1,2,0.999999999999998,0.5609773400914859
1204,8,30,120,-3.0,0.5,5,0.886173690733916,0.07824298410835452
1206,8,40,120,-2.0,0.1,5,0.9241851551977915,0.5971700926091054
1207,8,40,120,-2.0,0.5,4,0.9258748569154579,0.1622822955407497
1209,8,40,120,-3.0,0.1,2,1.0,0.5630221276800312
1210,8,40,120,-3.0,0.5,5,0.9632157958668464,0.12869804577064445
1212,8,50,120,-2.0,0.1,5,0.9317976081403324,0.6432523950269311
1213,8,50,120,-2.0,0.5,4,0.9436337230342893,0.10191929638302444
1215,8,50,120,-3.0,0.1,4,0.9684978069704377,0.6059522628112993
1216,8,50,120,-3.0,0.5,5,0.9572749332947378,0.1008106858640083
1218,8,60,120,-2.0,0.1,5,0.8811494385015977,0.6376671745506467
1219,8,60,120,-2.0,0.5,4,0.9324788031998961,0.1434987258695798
1221,8,60,120,-3.0,0.1,2,1.0,0.6177326592397947
1222,8,60,120,-3.0,0.5,2,0.9353104868053969,0.11155565535156672
1224,9,10,120,-2.0,0.1,2,1.0,0.561515805042874
1225,9,10,120,-2.0,0.5,4,0.777731987186117,0.1380985190692961
1227,9,10,120,-3.0,0.1,4,0.9338106661939005,0.3815273791664958
1230,9,20,120,-2.0,0.1,4,0.9072322871505144,0.46150335323677877
1231,9,20,120,-2.0,0.5,5,0.7049054526791241,0.14709226476414589
1233,9,20,120,-3.0,0.1,5,0.9468145445210205,0.5357335780109609
1234,9,20,120,-3.0,0.5,5,0.9181386759619308,0.029021424455982416
1236,9,30,120,-2.0,0.1,5,0.9359495704019148,0.5930653929759071
1237,9,30,120,-2.0,0.5,5,0.95309231367705,0.14240101180735792
1239,9,30,120,-3.0,0.1,2,1.0,0.5457371824436404
1240,9,30,120,-3.0,0.5,3,0.974907373318143,0.04901126357247438
1242,9,40,120,-2.0,0.1,4,0.8858129691418788,0.5950177495666874
1243,9,40,120,-2.0,0.5,4,0.8923053929953573,0.14013542265190726
1245,9,40,120,-3.0,0.1,5,0.9500905151410541,0.5563793118958403
1246,9,40,120,-3.0,0.5,5,0.9065595318265585,0.043360022240907486
1248,9,50,120,-2.0,0.1,2,1.0,0.5831464306866193
1249,9,50,120,-2.0,0.5,5,0.9093460030054473,0.16589014096256963
1251,9,50,120,-3.0,0.1,4,0.974739252506605,0.5916779345377812
1252,9,50,120,-3.0,0.5,5,0.8998141297328612,0.07907191136372527
1254,9,60,120,-2.0,0.1,4,0.9289577522627412,0.6428204131484087
1255,9,60,120,-2.0,0.5,3,0.911286635937129,0.1469293364446568
1257,9,60,120,-3.0,0.1,4,0.9577243434793528,0.6043806195417586
1258,9,60,120,-3.0,0.5,3,0.9335171034978746,0.13759385084288922
1260,10,10,120,-2.0,0.1,5,0.9464761467109708,0.5725141148097286
1261,10,10,120,-2.0,0.5,4,0.6370866318448378,0.13227887874953556
1263,10,10,120,-3.0,0.1,5,0.9668259468617537,0.50666555302856
1266,10,20,120,-2.0,0.1,2,1.0,0.628901281064278
1267,10,20,120,-2.0,0.5,5,0.8642079129788917,0.15132620357944185
1269,10,20,120,-3.0,0.1,5,0.9334172373429095,0.5314851015742289
1270,10,20,120,-3.0,0.5,4,0.8528013637299097,0.024754601143910485
1272,10,30,120,-2.0,0.1,4,0.9101835358651491,0.5829643523307476
1273,10,30,120,-2.0,0.5,4,0.9321914461797164,0.12286064988290059
1275,10,30,120,-3.0,0.1,5,0.9589836803979979,0.5541026410633374
1276,10,30,120,-3.0,0.5,5,0.9146887147646514,0.017980787019053403
1278,10,40,120,-2.0,0.1,4,0.9566818213105435,0.581340297016376
1279,10,40,120,-2.0,0.5,3,0.9093857282989627,0.14716589796154647
1281,10,40,120,-3.0,0.1,2,0.9999999999999987,0.5635749072779238
1282,10,40,120,-3.0,0.5,3,0.9362393232880978,0.06630848481364783
1284,10,50,120,-2.0,0.1,2,0.9999999999999983,0.6408188154010582
1285,10,50,120,-2.0,0.5,3,0.918970154462013,0.14823748512316912
1287,10,50,120,-3.0,0.1,4,0.9536181184885484,0.5999849435720288
1288,10,50,120,-3.0,0.5,4,0.9543794203109777,0.07876655761927229
1290,10,60,120,-2.0,0.1,5,0.9011540240592675,0.6371155939178209
1291,10,60,120,-2.0,0.5,3,0.9282590848550414,0.1408320714872866
1293,10,60,120,-3.0,0.1,5,0.7312957860338498,0.6240562175670654
1294,10,60,120,-3.0,0.5,4,0.9449273661870918,0.09475928786436237
1296,2,10,130,-2.0,0.1,5,0.8167209825893922,0.4574459859413632
1297,2,10,130,-2.0,0.5,5,0.5974816243881371,0.1522686502269902
1299,2,10,130,-3.0,0.1,4,0.9469311292579083,0.4068350009139443
1300,2,10,130,-3.0,0.5,5,0.7983330013165177,0.020536914196468536
1302,2,20,130,-2.0,0.1,5,0.9847506548571483,0.37692907016066124
1303,2,20,130,-2.0,0.5,4,0.9544374182959694,0.19324205685979873
1305,2,20,130,-3.0,0.1,4,0.931795707220886,0.45040311203394207
1308,2,30,130,-2.0,0.1,5,0.9174544310975568,0.498474320367091
1309,2,30,130,-2.0,0.5,5,0.810837084405237,0.15703533483059762
1311,2,30,130,-3.0,0.1,4,0.9319333195310224,0.45019147215103006
1312,2,30,130,-3.0,0.5,5,0.862547213410798,0.08639263227916144
1314,2,40,130,-2.0,0.1,4,0.9860442357010508,0.5012128475461447
1315,2,40,130,-2.0,0.5,5,0.9314498173811633,0.1470147115649831
1317,2,40,130,-3.0,0.1,5,0.9708716767029357,0.45751706452275037
1318,2,40,130,-3.0,0.5,5,0.8767815874144422,0.15442764710153906
1320,2,50,130,-2.0,0.1,5,0.8918951895150118,0.5328625620455415
1321,2,50,130,-2.0,0.5,5,0.835514592313133,0.14341520760195345
1323,2,50,130,-3.0,0.1,5,0.876588789822971,0.4797763498545699
1324,2,50,130,-3.0,0.5,4,0.9005775271391177,0.15887170309766516
1326,2,60,130,-2.0,0.1,4,0.937109058781908,0.49105003280128706
1327,2,60,130,-2.0,0.5,4,0.9077903561918685,0.164241653021329
1329,2,60,130,-3.0,0.1,5,0.9271836725036589,0.47986586128776426
1330,2,60,130,-3.0,0.5,3,0.8315995657597575,0.16423651463600178
1332,3,10,130,-2.0,0.1,5,0.9388070061692098,0.4708012211329243
1333,3,10,130,-2.0,0.5,5,0.8365102701840221,0.16638281674308408
1335,3,10,130,-3.0,0.1,5,0.9654356566423828,0.5066434189168434
1336,3,10,130,-3.0,0.5,2,0.9510394684249102,0.01876401118522151
1338,3,20,130,-2.0,0.1,4,0.980589497328453,0.48105938631846096
1339,3,20,130,-2.0,0.5,4,0.6840812590438892,0.147526720887025
1341,3,20,130,-3.0,0.1,5,0.962035813561702,0.5573495575683364
1342,3,20,130,-3.0,0.5,3,0.903614490201291,0.00044116493879433764
1344,3,30,130,-2.0,0.1,4,0.9732860884975499,0.48615795989811644
1345,3,30,130,-2.0,0.5,4,0.9221847137523475,0.1270077624100389
1347,3,30,130,-3.0,0.1,5,0.9753257880105803,0.5500691207431793
1348,3,30,130,-3.0,0.5,3,0.917068718347891,0.1459472226285253
1350,3,40,130,-2.0,0.1,5,0.9611894125359959,0.5859247539689144
1351,3,40,130,-2.0,0.5,4,0.9805124609937014,0.15029979922238076
1353,3,40,130,-3.0,0.1,5,0.9591240336061984,0.5605978153843316
1354,3,40,130,-3.0,0.5,3,0.942745250127144,0.14645493000832743
1356,3,50,130,-2.0,0.1,5,0.9200880945421172,0.5732715307968952
1357,3,50,130,-2.0,0.5,5,0.8973387556619747,0.16737506674924546
1359,3,50,130,-3.0,0.1,4,0.8983199461711366,0.5730250054863113
1360,3,50,130,-3.0,0.5,5,0.9452863888357327,0.12312284682092137
1362,3,60,130,-2.0,0.1,2,1.0,0.5928908249940477
1363,3,60,130,-2.0,0.5,5,0.9321284439779158,0.15627722313625755
1365,3,60,130,-3.0,0.1,5,0.9555642139177454,0.5796510399268837
1366,3,60,130,-3.0,0.5,4,0.9414943142680395,0.16305476636288704
1368,4,10,130,-2.0,0.1,4,0.9865444331923554,0.5726174145920356
1369,4,10,130,-2.0,0.5,3,0.9518937840864775,0.1633651738656425
1371,4,10,130,-3.0,0.1,5,0.9614431244027928,0.48100191972964423
1372,4,10,130,-3.0,0.5,5,0.8033065997180497,0.09323864437196605
1374,4,20,130,-2.0,0.1,2,1.0,0.5892978765254888
1375,4,20,130,-2.0,0.5,5,0.9417243975937089,0.15203554879609563
1377,4,20,130,-3.0,0.1,4,0.9614006938802171,0.5390605068749166
1378,4,20,130,-3.0,0.5,5,0.8809021899621028,0.08127565088996457
1380,4,30,130,-2.0,0.1,5,0.9045187035942319,0.5729456415285253
1381,4,30,130,-2.0,0.5,4,0.9396474215837847,0.14823287661300324
1383,4,30,130,-3.0,0.1,5,0.9037169377466769,0.5541416367871038
1384,4,30,130,-3.0,0.5,3,0.9512664227194974,0.02896753379266885
1386,4,40,130,-2.0,0.1,5,0.978543441564333,0.5818492468447345
1387,4,40,130,-2.0,0.5,5,0.9095266994922466,0.14328759426272467
1389,4,40,130,-3.0,0.1,5,0.9510877712263536,0.5597788876983018
1390,4,40,130,-3.0,0.5,5,0.9836308403062581,0.13334997220217365
1392,4,50,130,-2.0,0.1,2,0.9999999999999983,0.6092101537627229
1393,4,50,130,-2.0,0.5,3,0.8796844227165259,0.18341049113945365
1395,4,50,130,-3.0,0.1,2,1.0,0.584454201689056
1396,4,50,130,-3.0,0.5,4,0.9140504696947234,0.1487596573631462
1398,4,60,130,-2.0,0.1,2,1.0,0.5721220751485212
1399,4,60,130,-2.0,0.5,5,0.9181801176360701,0.15847038568048094
1401,4,60,130,-3.0,0.1,2,1.0,0.6202067046828497
1402,4,60,130,-3.0,0.5,4,0.9255988039291988,0.13775837042963235
1404,5,10,130,-2.0,0.1,4,0.9481424627831874,0.5150618982521087
1405,5,10,130,-2.0,0.5,3,0.8736294716584192,0.16666420442750193
1407,5,10,130,-3.0,0.1,5,0.9283543111141339,0.41446324709519394
1408,5,10,130,-3.0,0.5,5,0.8823257285710051,0.0200769526185115
1410,5,20,130,-2.0,0.1,5,0.931905592208202,0.5759041405279799
1411,5,20,130,-2.0,0.5,2,0.9487940196476738,0.16068992118356348
1413,5,20,130,-3.0,0.1,2,1.0,0.5814405902655815
1414,5,20,130,-3.0,0.5,4,0.9770613527370795,0.03241140261244461
1416,5,30,130,-2.0,0.1,2,1.0,0.5789354655314096
1417,5,30,130,-2.0,0.5,3,0.976086575750611,0.14425226337502567
1419,5,30,130,-3.0,0.1,2,1.0,0.5562221710832259
1420,5,30,130,-3.0,0.5,2,0.967611084399483,0.11205164624970512
1422,5,40,130,-2.0,0.1,2,0.9999999999999988,0.5884725781531561
1423,5,40,130,-2.0,0.5,5,0.9064675869158465,0.15434338812769305
1425,5,40,130,-3.0,0.1,2,1.0,0.5629513824273271
1426,5,40,130,-3.0,0.5,3,0.9577227172178467,0.08865547741142134
1428,5,50,130,-2.0,0.1,3,0.9804983807013039,0.5932189819745608
1429,5,50,130,-2.0,0.5,5,0.9271958983067483,0.17178027163390094
1431,5,50,130,-3.0,0.1,2,1.0,0.5896066395112859
1432,5,50,130,-3.0,0.5,5,0.9352572028829933,0.12649528513988229
1434,5,60,130,-2.0,0.1,4,0.9233663923690918,0.6036996443802294
1435,5,60,130,-2.0,0.5,4,0.9556817496296106,0.15090411763299713
1437,5,60,130,-3.0,0.1,4,0.993052119050944,0.6134580059988403
1438,5,60,130,-3.0,0.5,5,0.9204381171756212,0.10357595450622888
1440,6,10,130,-2.0,0.1,4,0.9341097114527389,0.5695923035722773
1441,6,10,130,-2.0,0.5,5,0.9016539947016631,0.11687574449336359
1443,6,10,130,-3.0,0.1,5,0.9632367991629824,0.5326116141603534
1444,6,10,130,-3.0,0.5,3,0.934696083837131,0.02900916098444801
1446,6,20,130,-2.0,0.1,2,0.9999999999999984,0.5860124409053064
1447,6,20,130,-2.0,0.5,5,0.9366351400896056,0.14590814830962653
1449,6,20,130,-3.0,0.1,5,0.9407585773066074,0.5457672352542428
1450,6,20,130,-3.0,0.5,5,0.9429501292339005,0.040559641854781184
1452,6,30,130,-2.0,0.1,5,0.8911821567386106,0.5938602266760886
1453,6,30,130,-2.0,0.5,4,0.977244071795045,0.15511562799334266
1455,6,30,130,-3.0,0.1,2,1.0,0.5912558512875953
1456,6,30,130,-3.0,0.5,3,0.9523714142195057,0.1035078299801767
1458,6,40,130,-2.0,0.1,3,0.7705787417966331,0.6012920583456128
1459,6,40,130,-2.0,0.5,5,0.9546626167384824,0.18025197752721536
1461,6,40,130,-3.0,0.1,5,0.9558812751847332,0.5746469559996044
1462,6,40,130,-3.0,0.5,3,0.9565854221338643,0.10485913561594863
1464,6,50,130,-2.0,0.1,5,0.9258099928761022,0.5906145977269943
1465,6,50,130,-2.0,0.5,4,0.9641435661965747,0.14028617422283846
1467,6,50,130,-3.0,0.1,2,1.0,0.60684328752383
1468,6,50,130,-3.0,0.5,3,0.9544323479139067,0.10262693305572942
1470,6,60,130,-2.0,0.1,3,0.9488250474759079,0.6180784489187102
1471,6,60,130,-2.0,0.5,4,0.9118521308463247,0.14643166667673954
1473,6,60,130,-3.0,0.1,2,0.9926014135217085,0.626783929962142
1474,6,60,130,-3.0,0.5,3,0.9137211339660802,0.11332644045864484
1476,7,10,130,-2.0,0.1,5,0.83731513766123,0.30711778340971096
1477,7,10,130,-2.0,0.5,4,0.9313702671694426,0.14672563962657964
1479,7,10,130,-3.0,0.1,5,0.9638483054560272,0.5168535692821333
1480,7,10,130,-3.0,0.5,2,0.9328903277755327,0.016375817694901547
1482,7,20,130,-2.0,0.1,5,0.9243949821700754,0.5801627631008955
1483,7,20,130,-2.0,0.5,3,0.9144655466589215,0.1564077549075693
1485,7,20,130,-3.0,0.1,4,0.9858754378647587,0.5477621530705641
1486,7,20,130,-3.0,0.5,3,0.9362855335704487,0.0458156534476539
1488,7,30,130,-2.0,0.1,2,0.9851372925158475,0.5743146006931761
1489,7,30,130,-2.0,0.5,5,0.8972958921719536,0.14288860045938273
1491,7,30,130,-3.0,0.1,2,1.0,0.5470454372593624
1492,7,30,130,-3.0,0.5,4,0.9429899322594029,0.059359704667891075
1494,7,40,130,-2.0,0.1,4,0.8303844024448053,0.6512152518993172
1495,7,40,130,-2.0,0.5,3,0.972635512522035,0.16373579799226448
1497,7,40,130,-3.0,0.1,4,0.8970898123393056,0.56078596598055
1498,7,40,130,-3.0,0.5,3,0.9562762248886301,0.09505719670562937
1500,7,50,130,-2.0,0.1,2,0.9999999999999983,0.5922520318472436
1501,7,50,130,-2.0,0.5,5,0.9087622308053902,0.15555601978394484
1503,7,50,130,-3.0,0.1,2,0.9999999999999983,0.6148990162655019
1504,7,50,130,-3.0,0.5,3,0.9571992722703365,0.09566085627566018
1506,7,60,130,-2.0,0.1,3,0.9906044424147239,0.592021095149479
1507,7,60,130,-2.0,0.5,4,0.9252129562720182,0.16936971267751666
1509,7,60,130,-3.0,0.1,4,0.9671079705379593,0.623102906458538
1510,7,60,130,-3.0,0.5,3,0.957720218362736,0.11593764025020055
1512,8,10,130,-2.0,0.1,2,0.9851849392569114,0.5785183909628661
1513,8,10,130,-2.0,0.5,3,0.9754589870403976,0.15284678916253078
1515,8,10,130,-3.0,0.1,5,0.9733050595381647,0.48933983517591345
1518,8,20,130,-2.0,0.1,3,0.9490422336030577,0.5788588838280617
1519,8,20,130,-2.0,0.5,5,0.8879660899281623,0.14211888387332602
1521,8,20,130,-3.0,0.1,4,0.9629415239201626,0.5428839361928384
1522,8,20,130,-3.0,0.5,5,0.9084031809188642,0.042061090898647804
1524,8,30,130,-2.0,0.1,2,1.0,0.6430387202782543
1525,8,30,130,-2.0,0.5,4,0.9343385952677142,0.13599972210445538
1527,8,30,130,-3.0,0.1,2,0.9852194510020575,0.5746428490088783
1528,8,30,130,-3.0,0.5,5,0.8316213707884135,0.08201768162871952
1530,8,40,130,-2.0,0.1,4,0.910900569818957,0.6138265922825138
1531,8,40,130,-2.0,0.5,2,0.9740608479541655,0.14413241867379142
1533,8,40,130,-3.0,0.1,2,1.0,0.5703697289522158
1534,8,40,130,-3.0,0.5,4,0.9070837190287673,0.1442542330983335
1536,8,50,130,-2.0,0.1,5,0.9515433253065664,0.6555177621755803
1537,8,50,130,-2.0,0.5,4,0.7464261340548469,0.11847650547029423
1539,8,50,130,-3.0,0.1,4,0.9410064911502465,0.6070650315312124
1540,8,50,130,-3.0,0.5,3,0.9251697701137693,0.11396934015473657
1542,8,60,130,-2.0,0.1,5,0.7934911840898558,0.6347700253896166
1543,8,60,130,-2.0,0.5,4,0.9339927139265591,0.15613956068626847
1545,8,60,130,-3.0,0.1,2,1.0,0.620978189815098
1546,8,60,130,-3.0,0.5,3,0.9301802407318824,0.11868822825629378
1548,9,10,130,-2.0,0.1,2,0.9999999999999987,0.5688953240842062
1549,9,10,130,-2.0,0.5,5,0.8897586875289583,0.1487222303437799
1551,9,10,130,-3.0,0.1,4,0.9258031338243452,0.3863444565003676
1554,9,20,130,-2.0,0.1,5,0.8827014192227663,0.4707930351904893
1555,9,20,130,-2.0,0.5,4,0.6782785243763487,0.15641675994000084
1557,9,20,130,-3.0,0.1,5,0.9382396356487368,0.5392902100537547
1558,9,20,130,-3.0,0.5,5,0.9096282539379711,0.04400592877486938
1560,9,30,130,-2.0,0.1,5,0.951012261921407,0.5853086279842024
1561,9,30,130,-2.0,0.5,4,0.9583352611262548,0.13891683651216394
1563,9,30,130,-3.0,0.1,2,0.9999999999999989,0.550733104145234
1564,9,30,130,-3.0,0.5,3,0.9560874060369092,0.05679060088776702
1566,9,40,130,-2.0,0.1,4,0.9074512323672645,0.6132505104723792
1567,9,40,130,-2.0,0.5,5,0.9151093246241233,0.17042798713668736
1569,9,40,130,-3.0,0.1,5,0.8656599834484842,0.5671551383125224
1570,9,40,130,-3.0,0.5,3,0.8846622153194506,0.06148480177691452
1572,9,50,130,-2.0,0.1,3,0.9418865959428778,0.593711040362984
1573,9,50,130,-2.0,0.5,4,0.8775023748729047,0.13933771237186318
1575,9,50,130,-3.0,0.1,4,0.9730238659089048,0.5957905727468422
1576,9,50,130,-3.0,0.5,3,0.9378429491655476,0.09129507800909795
1578,9,60,130,-2.0,0.1,2,0.825151847873222,0.6512373538617431
1579,9,60,130,-2.0,0.5,3,0.9842158348846195,0.14205972075981377
1581,9,60,130,-3.0,0.1,4,0.9483971630303532,0.6120594553656764
1582,9,60,130,-3.0,0.5,5,0.9538648475340243,0.14386945946714527
1584,10,10,130,-2.0,0.1,5,0.9562692049346603,0.5792000630213516
1585,10,10,130,-2.0,0.5,2,0.9398812438014215,0.1529406535201496
1587,10,10,130,-3.0,0.1,5,0.9627207561862281,0.5157398461840752
1590,10,20,130,-2.0,0.1,5,0.9152646529064302,0.6322613635743246
1591,10,20,130,-2.0,0.5,5,0.941670808341223,0.15326281685523901
1593,10,20,130,-3.0,0.1,5,0.9552052962650982,0.5374115614485847
1594,10,20,130,-3.0,0.5,4,0.9241089489662657,0.03705369546171131
1596,10,30,130,-2.0,0.1,4,0.9281566566104383,0.5817263972985586
1597,10,30,130,-2.0,0.5,4,0.9306272238967193,0.152555973823554
1599,10,30,130,-3.0,0.1,2,0.9626467710169544,0.5597628640642969
1600,10,30,130,-3.0,0.5,3,0.9150855027611859,0.035742676301539454
1602,10,40,130,-2.0,0.1,2,0.9999999999999991,0.5800768896520421
1603,10,40,130,-2.0,0.5,4,0.9583526575369643,0.16187121336653826
1605,10,40,130,-3.0,0.1,2,0.9526453259627751,0.5700571938934144
1606,10,40,130,-3.0,0.5,4,0.953334924621639,0.08036849060745128
1608,10,50,130,-2.0,0.1,2,0.9851055490720096,0.6422355740697763
1609,10,50,130,-2.0,0.5,3,0.983901429440057,0.13274321706107514
1611,10,50,130,-3.0,0.1,4,0.959896466861148,0.605708898134524
1612,10,50,130,-3.0,0.5,3,0.9251178138595086,0.09665948951472536
1614,10,60,130,-2.0,0.1,5,0.9165699874054554,0.6560388730368959
1615,10,60,130,-2.0,0.5,3,0.9808816491030454,0.13632892951896586
1617,10,60,130,-3.0,0.1,5,0.8041668381350737,0.6314844475598429
1618,10,60,130,-3.0,0.5,4,0.9339753284958227,0.1036295745013381
1620,2,10,140,-2.0,0.1,5,0.9537527542649061,0.45306657926564153
1621,2,10,140,-2.0,0.5,2,0.9443146571586458,0.14591863787754902
1623,2,10,140,-3.0,0.1,4,0.9668066999127998,0.4104608248649921
1624,2,10,140,-3.0,0.5,5,0.9041054773958981,0.027386569730023805
1626,2,20,140,-2.0,0.1,5,0.8848187169559705,0.43320571946378245
1627,2,20,140,-2.0,0.5,4,0.9325820964552292,0.16422281610370917
1629,2,20,140,-3.0,0.1,4,0.9629007899701577,0.45039341650954623
1632,2,30,140,-2.0,0.1,5,0.9629973680316715,0.5055771142684545
1633,2,30,140,-2.0,0.5,5,0.8910573057162878,0.14240250080081626
1635,2,30,140,-3.0,0.1,5,0.8503814111707346,0.45201658181203147
1636,2,30,140,-3.0,0.5,4,0.9055463268692849,0.11216203706053478
1638,2,40,140,-2.0,0.1,4,0.9559399205422021,0.5075962007238873
1639,2,40,140,-2.0,0.5,5,0.896308912443657,0.15944659627778437
1641,2,40,140,-3.0,0.1,5,0.9717393175370115,0.46295574508935267
1642,2,40,140,-3.0,0.5,5,0.8970963280141095,0.1586476995613612
1644,2,50,140,-2.0,0.1,5,0.8836644930722504,0.5264318582661269
1645,2,50,140,-2.0,0.5,3,0.932613824916261,0.1511880712216751
1647,2,50,140,-3.0,0.1,5,0.8707657326190454,0.48153654399153706
1648,2,50,140,-3.0,0.5,4,0.856933467852244,0.15336129321094902
1650,2,60,140,-2.0,0.1,4,0.992964662969217,0.4988968905332129
1651,2,60,140,-2.0,0.5,3,0.9913137593417678,0.15474004170946595
1653,2,60,140,-3.0,0.1,4,0.9514820444908727,0.48056179531800247
1654,2,60,140,-3.0,0.5,5,0.9179450845883093,0.1614010255170328
1656,3,10,140,-2.0,0.1,5,0.9116309273904271,0.4734334762626097
1657,3,10,140,-2.0,0.5,4,0.8039774893254377,0.15327017652234035
1659,3,10,140,-3.0,0.1,5,0.9785643146167612,0.5218582400079858
1660,3,10,140,-3.0,0.5,2,0.9633842422223322,0.023707828233826965
1662,3,20,140,-2.0,0.1,5,0.9709459377152438,0.45028165726894004
1663,3,20,140,-2.0,0.5,4,0.463276915635134,0.1403643927158861
1665,3,20,140,-3.0,0.1,5,0.9762014261848128,0.5610995967508768
1666,3,20,140,-3.0,0.5,3,0.9211450886009166,0.006574809204155951
1668,3,30,140,-2.0,0.1,5,0.9369568998274436,0.4896451395582645
1669,3,30,140,-2.0,0.5,4,0.9714396262144375,0.1414355322300331
1671,3,30,140,-3.0,0.1,5,0.9729372062150431,0.5522661752042776
1672,3,30,140,-3.0,0.5,3,0.9210009443528215,0.15312837560124176
1674,3,40,140,-2.0,0.1,5,0.9369676447871494,0.5880188830852273
1675,3,40,140,-2.0,0.5,5,0.9510609410828665,0.1523378540995528
1677,3,40,140,-3.0,0.1,5,0.9632260934557272,0.5596319219131425
1678,3,40,140,-3.0,0.5,4,0.8851553832536451,0.155174109011312
1680,3,50,140,-2.0,0.1,4,0.8977471190763402,0.5932053926731001
1681,3,50,140,-2.0,0.5,5,0.8576688063824125,0.171007033833428
1683,3,50,140,-3.0,0.1,2,1.0,0.5779007237013711
1684,3,50,140,-3.0,0.5,5,0.909810898843584,0.1212262698091463
1686,3,60,140,-2.0,0.1,2,1.0,0.5959208003878969
1687,3,60,140,-2.0,0.5,4,0.9327170275592376,0.1604090138850604
1689,3,60,140,-3.0,0.1,5,0.9400126157849591,0.5822885689205065
1690,3,60,140,-3.0,0.5,5,0.9126852732228075,0.16554368351693302
1692,4,10,140,-2.0,0.1,4,0.980709004273056,0.5780335716963093
1693,4,10,140,-2.0,0.5,5,0.9221787837496165,0.14097991664617632
1695,4,10,140,-3.0,0.1,5,0.9660669108189002,0.5150308570771351
1696,4,10,140,-3.0,0.5,5,0.7630967338088801,0.09964744635596659
1698,4,20,140,-2.0,0.1,2,1.0,0.5836755768375768
1699,4,20,140,-2.0,0.5,4,0.9307819956886445,0.13782690628440689
1701,4,20,140,-3.0,0.1,4,0.9510126787521278,0.5431892405544577
1702,4,20,140,-3.0,0.5,5,0.8198455911502991,0.09144202863832106
1704,4,30,140,-2.0,0.1,5,0.9493283969291936,0.574223709067605
1705,4,30,140,-2.0,0.5,4,0.9541621799012427,0.15858974888653551
1707,4,30,140,-3.0,0.1,2,0.9851965091440966,0.558977279536519
1708,4,30,140,-3.0,0.5,2,0.9739131428154846,0.038617665923741024
1710,4,40,140,-2.0,0.1,4,0.899935786845873,0.580922212070942
1711,4,40,140,-2.0,0.5,5,0.9153671258701658,0.15068090222019936
1713,4,40,140,-3.0,0.1,5,0.9573668874269043,0.5624104558427568
1714,4,40,140,-3.0,0.5,4,0.9670022376057756,0.14313006674403844
1716,4,50,140,-2.0,0.1,2,0.9999999999999989,0.604027312906034
1717,4,50,140,-2.0,0.5,3,0.9653951633898521,0.16470490810581792
1719,4,50,140,-3.0,0.1,2,1.0,0.5949438188366879
1720,4,50,140,-3.0,0.5,3,0.9577149074791725,0.15448820990214407
1722,4,60,140,-2.0,0.1,4,0.924520498591689,0.5952499197825043
1723,4,60,140,-2.0,0.5,4,0.9146699567390314,0.1773180715923103
1725,4,60,140,-3.0,0.1,2,1.0,0.62916684826377
1726,4,60,140,-3.0,0.5,4,0.9545375232748554,0.1528315049041797
1728,5,10,140,-2.0,0.1,4,0.9734700609501435,0.5308983063981619
1729,5,10,140,-2.0,0.5,2,0.9618860578729916,0.17422895130876018
1731,5,10,140,-3.0,0.1,5,0.9498474374498171,0.41864362203798716
1732,5,10,140,-3.0,0.5,5,0.8948033784819528,0.02249207716995115
1734,5,20,140,-2.0,0.1,5,0.9587751519734056,0.5676581699382158
1735,5,20,140,-2.0,0.5,2,0.9632499074448797,0.1627410615695501
1737,5,20,140,-3.0,0.1,2,1.0,0.5900045514060371
1738,5,20,140,-3.0,0.5,4,0.947323147675336,0.04366206876421923
1740,5,30,140,-2.0,0.1,4,0.9391839101843533,0.5869518948316287
1741,5,30,140,-2.0,0.5,5,0.8805329993006606,0.14610010368195517
1743,5,30,140,-3.0,0.1,2,1.0,0.5573986984344264
1744,5,30,140,-3.0,0.5,4,0.9351032911591426,0.1231567661393243
1746,5,40,140,-2.0,0.1,5,0.9714842918578496,0.5831190690564604
1747,5,40,140,-2.0,0.5,3,0.9913053847969452,0.17472200550217093
1749,5,40,140,-3.0,0.1,5,0.9615085708525128,0.572950419246673
1750,5,40,140,-3.0,0.5,4,0.9261497002310237,0.10257044422532985
1752,5,50,140,-2.0,0.1,3,0.9888143638282283,0.608954006056883
1753,5,50,140,-2.0,0.5,3,0.9914324028520914,0.15775339029191435
1755,5,50,140,-3.0,0.1,2,1.0,0.6034258885151141
1756,5,50,140,-3.0,0.5,4,0.9284924372657275,0.14209442590845564
1758,5,60,140,-2.0,0.1,2,1.0,0.6117986862292384
1759,5,60,140,-2.0,0.5,3,0.9464011716682661,0.14283394978894529
1761,5,60,140,-3.0,0.1,4,0.9999999999999999,0.6182360595209948
1762,5,60,140,-3.0,0.5,5,0.9531524635659057,0.10946241881678993
1764,6,10,140,-2.0,0.1,5,0.9474521261749986,0.577400862291418
1765,6,10,140,-2.0,0.5,4,0.9697178342685955,0.12946932219520305
1767,6,10,140,-3.0,0.1,5,0.957338667967937,0.5357214204659346
1768,6,10,140,-3.0,0.5,3,0.9330963254844571,0.031341508875195156
1770,6,20,140,-2.0,0.1,4,0.9610191250049228,0.581385947268666
1771,6,20,140,-2.0,0.5,5,0.8037559632736091,0.15641756014305433
1773,6,20,140,-3.0,0.1,2,1.0,0.5494576610338401
1774,6,20,140,-3.0,0.5,5,0.9458368441965466,0.054242890633221706
1776,6,30,140,-2.0,0.1,4,0.8875463978600785,0.5986251917994695
1777,6,30,140,-2.0,0.5,3,0.9999999999999994,0.15276041067620152
1779,6,30,140,-3.0,0.1,4,0.9787516840094956,0.5994072481055386
1780,6,30,140,-3.0,0.5,3,0.9826898564560038,0.10858746800092309
1782,6,40,140,-2.0,0.1,2,1.0,0.593594629398186
1783,6,40,140,-2.0,0.5,5,0.9545965685803393,0.1649272533924968
1785,6,40,140,-3.0,0.1,2,1.0,0.5790836576998526
1786,6,40,140,-3.0,0.5,3,0.9540189118395932,0.11108299547075963
1788,6,50,140,-2.0,0.1,5,0.9237040059467803,0.5916998868395619
1789,6,50,140,-2.0,0.5,5,0.9404372157825036,0.15438964321345763
1791,6,50,140,-3.0,0.1,2,1.0,0.608812524884497
1792,6,50,140,-3.0,0.5,4,0.944999317169422,0.10027734262203677
1794,6,60,140,-2.0,0.1,2,0.9999999999999989,0.6138124854134619
1795,6,60,140,-2.0,0.5,5,0.9639857157903597,0.1468252527183492
1797,6,60,140,-3.0,0.1,2,0.9999999999999996,0.6312532856588225
1798,6,60,140,-3.0,0.5,5,0.9609084250968332,0.10931212072967761
1800,7,10,140,-2.0,0.1,5,0.8032214053475626,0.3006824514890894
1801,7,10,140,-2.0,0.5,5,0.9004864366371876,0.14121466661367088
1803,7,10,140,-3.0,0.1,5,0.958229563640131,0.5212462927801871
1804,7,10,140,-3.0,0.5,2,0.9537720530475307,0.023723723507576622
1806,7,20,140,-2.0,0.1,4,0.9382724244064391,0.5757092583625546
1807,7,20,140,-2.0,0.5,5,0.9318651219398288,0.14546436527378034
1809,7,20,140,-3.0,0.1,4,0.9712991289924886,0.5528812594644084
1810,7,20,140,-3.0,0.5,3,0.91780118909278,0.05754132637442221
1812,7,30,140,-2.0,0.1,4,0.9455199474577494,0.5789649747372665
1813,7,30,140,-2.0,0.5,3,0.9687785284790169,0.15458641492741942
1815,7,30,140,-3.0,0.1,2,1.0,0.5520379697799432
1816,7,30,140,-3.0,0.5,4,0.9332489199448473,0.08106903044854552
1818,7,40,140,-2.0,0.1,5,0.8454510553059442,0.6443437855164449
1819,7,40,140,-2.0,0.5,5,0.9096643659768631,0.1678260682938717
1821,7,40,140,-3.0,0.1,4,0.8559415796417817,0.5625996341443187
1822,7,40,140,-3.0,0.5,3,0.9561752898412955,0.1050876063375291
1824,7,50,140,-2.0,0.1,4,0.8808788429494507,0.6048161801177174
1825,7,50,140,-2.0,0.5,5,0.920138784385474,0.1548528208535645
1827,7,50,140,-3.0,0.1,2,0.9999999999999983,0.6178666348489554
1828,7,50,140,-3.0,0.5,3,0.975740877472731,0.1087332358066467
1830,7,60,140,-2.0,0.1,5,0.9598388402972178,0.5906209049968938
1831,7,60,140,-2.0,0.5,5,0.9502825909300666,0.16342870181571464
1833,7,60,140,-3.0,0.1,4,0.9712163098010269,0.6262156656566066
1834,7,60,140,-3.0,0.5,3,0.9497408937960083,0.11459777818425033
1836,8,10,140,-2.0,0.1,4,0.9578168146610122,0.5775239072560329
1837,8,10,140,-2.0,0.5,5,0.9875529199202886,0.16524342834042077
1839,8,10,140,-3.0,0.1,5,0.9822139865240015,0.5055766073854132
1840,8,10,140,-3.0,0.5,3,0.9234535870618317,0.001853872194976698
1842,8,20,140,-2.0,0.1,5,0.9640702402698845,0.581691166450967
1843,8,20,140,-2.0,0.5,5,0.8753222034454511,0.15371600898066157
1845,8,20,140,-3.0,0.1,2,1.0,0.5468093173644383
1846,8,20,140,-3.0,0.5,5,0.9048014704867882,0.05104574228735626
1848,8,30,140,-2.0,0.1,3,0.970039213966235,0.642190901948572
1849,8,30,140,-2.0,0.5,5,0.8488761992838133,0.14572874324154242
1851,8,30,140,-3.0,0.1,4,0.9351910024753824,0.582147798800925
1852,8,30,140,-3.0,0.5,2,0.9565980390835385,0.08864925060764296
1854,8,40,140,-2.0,0.1,4,0.9536411200918835,0.6380041167807321
1855,8,40,140,-2.0,0.5,5,0.8603344129272004,0.14216643535036694
1857,8,40,140,-3.0,0.1,2,0.9999999999999983,0.5829326012667061
1858,8,40,140,-3.0,0.5,5,0.9367222116278134,0.14960461500351646
1860,8,50,140,-2.0,0.1,5,0.9397179304582398,0.6541255357280402
1861,8,50,140,-2.0,0.5,4,0.8961262735583395,0.1301137814417938
1863,8,50,140,-3.0,0.1,4,0.9703472182224222,0.6115965663649283
1864,8,50,140,-3.0,0.5,4,0.9624190906451315,0.11362308361503586
1866,8,60,140,-2.0,0.1,4,0.972998883722709,0.6462247566283836
1867,8,60,140,-2.0,0.5,4,0.9515363951267171,0.16135124739889672
1869,8,60,140,-3.0,0.1,2,1.0,0.627015158783512
1870,8,60,140,-3.0,0.5,5,0.913999513393903,0.1181709287625193
1872,9,10,140,-2.0,0.1,4,0.9122889926580056,0.5649223102469347
1873,9,10,140,-2.0,0.5,4,0.8776724472178546,0.12309158749668128
1875,9,10,140,-3.0,0.1,5,0.9638649923974822,0.3953717831182002
1876,9,10,140,-3.0,0.5,2,0.926770766348806,0.0021641973936913834
1878,9,20,140,-2.0,0.1,4,0.9073823375326925,0.48065249170810853
1879,9,20,140,-2.0,0.5,5,0.6095474591469654,0.16591727435253809
1881,9,20,140,-3.0,0.1,2,1.0,0.5434565467554824
1882,9,20,140,-3.0,0.5,5,0.9289604577303994,0.05821563637164166
1884,9,30,140,-2.0,0.1,5,0.9506443542078591,0.5866297149866959
1885,9,30,140,-2.0,0.5,3,0.946818624246029,0.14757917049998845
1887,9,30,140,-3.0,0.1,2,1.0,0.5564329795559496
1888,9,30,140,-3.0,0.5,3,0.9423409607927299,0.0716304175460135
1890,9,40,140,-2.0,0.1,4,0.8382286649526272,0.6199166088024001
1891,9,40,140,-2.0,0.5,3,0.8587784077499412,0.13574408313298164
1893,9,40,140,-3.0,0.1,5,0.9394549051548693,0.5786126141240825
1894,9,40,140,-3.0,0.5,3,0.8836281596352383,0.08485192887253265
1896,9,50,140,-2.0,0.1,2,0.9999999999999996,0.5816881083883295
1897,9,50,140,-2.0,0.5,5,0.8477206925812524,0.16070281951871618
1899,9,50,140,-3.0,0.1,4,0.9672043888799323,0.5989979790028774
1900,9,50,140,-3.0,0.5,3,0.9250711499356601,0.09636450437665552
1902,9,60,140,-2.0,0.1,3,0.7855785423349554,0.6355638305881816
1903,9,60,140,-2.0,0.5,5,0.7942625491990395,0.15894427040458964
1905,9,60,140,-3.0,0.1,4,0.9358671481595253,0.6200970464924613
1906,9,60,140,-3.0,0.5,3,0.9733449032484958,0.15051474891276917
1908,10,10,140,-2.0,0.1,5,0.9478944246853354,0.5728235008550445
1909,10,10,140,-2.0,0.5,2,0.9583109519155553,0.14138623979169843
1911,10,10,140,-3.0,0.1,5,0.9726056538016756,0.5227414251042442
1914,10,20,140,-2.0,0.1,5,0.901778257539236,0.6365224879772912
1915,10,20,140,-2.0,0.5,5,0.839904554787793,0.13983414527319168
1917,10,20,140,-3.0,0.1,5,0.9293440528852269,0.5436877805562828
1918,10,20,140,-3.0,0.5,3,0.9350711941784972,0.04585392401175787
1920,10,30,140,-2.0,0.1,4,0.9626097564309413,0.577381491870207
1921,10,30,140,-2.0,0.5,4,0.9306111256126604,0.1548671561999045
1923,10,30,140,-3.0,0.1,2,0.9733424125048429,0.5693835651540043
1924,10,30,140,-3.0,0.5,4,0.9494058990741026,0.05487604754719033
1926,10,40,140,-2.0,0.1,2,0.9850520652518032,0.578240224028047
1927,10,40,140,-2.0,0.5,4,0.92736044584863,0.14884307291973023
1929,10,40,140,-3.0,0.1,4,0.916001227628295,0.5810126819873034
1930,10,40,140,-3.0,0.5,3,0.8915871234683732,0.0956007810477732
1932,10,50,140,-2.0,0.1,4,0.9505511398918565,0.6459163145082368
1933,10,50,140,-2.0,0.5,5,0.9310484409560726,0.1663076430607396
1935,10,50,140,-3.0,0.1,4,0.9628333403131918,0.6094130239035623
1936,10,50,140,-3.0,0.5,5,0.9508651276086086,0.10896143637152007
1938,10,60,140,-2.0,0.1,3,0.8439286893406492,0.6552859124304905
1939,10,60,140,-2.0,0.5,3,0.9745387122625541,0.1583327984742802
1941,10,60,140,-3.0,0.1,5,0.8930763567968503,0.6336073062886809
1942,10,60,140,-3.0,0.5,4,0.9391976103743319,0.10433663237056616
1944,2,10,150,-2.0,0.1,4,0.9683674209871822,0.4597637038866439
1945,2,10,150,-2.0,0.5,4,0.29808291399306247,0.15553810456255848
1947,2,10,150,-3.0,0.1,4,0.9431578995857448,0.4129511774168936
1948,2,10,150,-3.0,0.5,4,0.8206290311243087,0.03235214822590228
1950,2,20,150,-2.0,0.1,5,0.8993515214595948,0.5063761855768746
1951,2,20,150,-2.0,0.5,5,0.9318139513608654,0.13565490190820362
1953,2,20,150,-3.0,0.1,4,0.9647615275239871,0.4507482858638805
1956,2,30,150,-2.0,0.1,5,0.9942343836934082,0.4930798762780352
1957,2,30,150,-2.0,0.5,4,0.9112695696147965,0.15791288358779976
1959,2,30,150,-3.0,0.1,5,0.9133563438139816,0.4569794142653804
1960,2,30,150,-3.0,0.5,5,0.9076185764731148,0.13392441622224718
1962,2,40,150,-2.0,0.1,4,0.9660087457081087,0.5106394641904226
1963,2,40,150,-2.0,0.5,5,0.8053936771985524,0.1558530763602
1965,2,40,150,-3.0,0.1,4,0.8720213082687687,0.466869522595205
1966,2,40,150,-3.0,0.5,5,0.8452175109842748,0.15829681925454495
1968,2,50,150,-2.0,0.1,5,0.8831370078750806,0.5433211107706105
1969,2,50,150,-2.0,0.5,5,0.8295211538614026,0.1532307986887333
1971,2,50,150,-3.0,0.1,5,0.8661794368113181,0.4880083075441113
1972,2,50,150,-3.0,0.5,5,0.8844395117324009,0.16929905477530263
1974,2,60,150,-2.0,0.1,4,0.9819979166089277,0.49468242786998895
1975,2,60,150,-2.0,0.5,3,0.9844116553359572,0.1593842286537009
1977,2,60,150,-3.0,0.1,5,0.9650153503120898,0.47789076855007667
1978,2,60,150,-3.0,0.5,5,0.8351349345967313,0.1651384718689763
1980,3,10,150,-2.0,0.1,4,0.9700233419136454,0.47428092716444503
1981,3,10,150,-2.0,0.5,4,0.8427196444710023,0.15239813183968817
1983,3,10,150,-3.0,0.1,5,0.972278476388342,0.5287645380098255
1984,3,10,150,-3.0,0.5,2,0.9535590766114574,0.029126427068606364
1986,3,20,150,-2.0,0.1,5,0.9612936473710367,0.4720528270805474
1987,3,20,150,-2.0,0.5,2,0.9353605935463893,0.16705022347029716
1989,3,20,150,-3.0,0.1,5,0.9595233753950763,0.5635263570716812
1990,3,20,150,-3.0,0.5,3,0.9064048941086127,0.012299135215062764
1992,3,30,150,-2.0,0.1,4,0.9873612497693973,0.48424435839809454
1993,3,30,150,-2.0,0.5,3,0.9679286119327318,0.1401213002270325
1995,3,30,150,-3.0,0.1,5,0.971155580744878,0.554722571214122
1996,3,30,150,-3.0,0.5,5,0.9358926077922989,0.15495055544506459
1998,3,40,150,-2.0,0.1,5,0.93219073267238,0.581574145167509
1999,3,40,150,-2.0,0.5,5,0.8897213773397368,0.17342410365478478
2001,3,40,150,-3.0,0.1,5,0.9600404637962967,0.566404089989848
2002,3,40,150,-3.0,0.5,3,0.9533080631447339,0.1643642117877642
2004,3,50,150,-2.0,0.1,5,0.9161130151403096,0.5927347446926472
2005,3,50,150,-2.0,0.5,5,0.8415222677733036,0.15935176657937403
2007,3,50,150,-3.0,0.1,4,0.921616197606774,0.5782679004793329
2008,3,50,150,-3.0,0.5,3,0.895395401329377,0.12493945162976988
2010,3,60,150,-2.0,0.1,2,1.0,0.5928803612171589
2011,3,60,150,-2.0,0.5,3,0.9716853143962007,0.1555006017842823
2013,3,60,150,-3.0,0.1,5,0.9478299316889045,0.5818722397034785
2014,3,60,150,-3.0,0.5,5,0.8876863506736,0.1650299761804858
2016,4,10,150,-2.0,0.1,5,0.9709517609284363,0.5727173317652808
2017,4,10,150,-2.0,0.5,5,0.9510637650726099,0.15674804281223662
2019,4,10,150,-3.0,0.1,5,0.9599400996054466,0.5292113935908461
2020,4,10,150,-3.0,0.5,5,0.8788568205992171,0.1076925110386404
2022,4,20,150,-2.0,0.1,2,1.0,0.589439812438633
2023,4,20,150,-2.0,0.5,5,0.9301527012228443,0.1513689447780639
2025,4,20,150,-3.0,0.1,4,0.9501128196224347,0.5470566308208201
2026,4,20,150,-3.0,0.5,5,0.904841057449931,0.09827385878697137
2028,4,30,150,-2.0,0.1,4,0.9492119833372721,0.5819278710167588
2029,4,30,150,-2.0,0.5,4,0.8452751562943962,0.1512890234480566
2031,4,30,150,-3.0,0.1,2,1.0,0.5614692981779367
2032,4,30,150,-3.0,0.5,2,0.9687196088258854,0.044159906722337695
2034,4,40,150,-2.0,0.1,2,1.0,0.5804641269329678
2035,4,40,150,-2.0,0.5,3,0.9286760740464616,0.1495504110158088
2037,4,40,150,-3.0,0.1,2,1.0,0.5671757294778493
2038,4,40,150,-3.0,0.5,5,0.9330133502708636,0.15568666367425874
2040,4,50,150,-2.0,0.1,2,1.0,0.6000747072910108
2041,4,50,150,-2.0,0.5,5,0.9547597672573209,0.16186881379720297
2043,4,50,150,-3.0,0.1,2,1.0,0.6082633300300823
2044,4,50,150,-3.0,0.5,4,0.8981180084928715,0.161127143811451
2046,4,60,150,-2.0,0.1,2,1.0,0.5820032964519225
2047,4,60,150,-2.0,0.5,5,0.920155830045964,0.1529476480235265
2049,4,60,150,-3.0,0.1,2,1.0,0.6325505108868303
2050,4,60,150,-3.0,0.5,3,0.9293047602787844,0.15703446073493774
2052,5,10,150,-2.0,0.1,4,0.9707305611740062,0.5430418891909367
2053,5,10,150,-2.0,0.5,5,0.8152981690513421,0.16027526064023995
2055,5,10,150,-3.0,0.1,5,0.9667206148091696,0.42348532559435415
2056,5,10,150,-3.0,0.5,5,0.8750868661914628,0.025119813667996274
2058,5,20,150,-2.0,0.1,5,0.9513418122784703,0.5746299696060717
2059,5,20,150,-2.0,0.5,5,0.5597449563251733,0.15724971765306656
2061,5,20,150,-3.0,0.1,2,1.0,0.5958152994227152
2062,5,20,150,-3.0,0.5,3,0.9551984728202312,0.053117108542464556
2064,5,30,150,-2.0,0.1,4,0.8625600914443365,0.5911727366420813
2065,5,30,150,-2.0,0.5,4,0.9119866552996128,0.16315489612798384
2067,5,30,150,-3.0,0.1,2,1.0,0.5600611457525316
2068,5,30,150,-3.0,0.5,4,0.9179762898992831,0.12131595867181166
2070,5,40,150,-2.0,0.1,4,0.8918212456484342,0.5900377449569361
2071,5,40,150,-2.0,0.5,4,0.9545301605716816,0.147310397979098
2073,5,40,150,-3.0,0.1,3,0.8051348573323751,0.5866108560181924
2074,5,40,150,-3.0,0.5,5,0.9317876672574061,0.10621176897740435
2076,5,50,150,-2.0,0.1,2,0.9556314722889039,0.616053339531903
2077,5,50,150,-2.0,0.5,5,0.946269511998092,0.13986583543533182
2079,5,50,150,-3.0,0.1,4,0.8817556636671342,0.6116618527473056
2080,5,50,150,-3.0,0.5,3,0.9566404750147961,0.1416537552817061
2082,5,60,150,-2.0,0.1,2,0.9792354602208948,0.6085848856757379
2083,5,60,150,-2.0,0.5,5,0.9406077274711273,0.1331987668912336
2085,5,60,150,-3.0,0.1,4,0.9999999999999999,0.6222781278741325
2086,5,60,150,-3.0,0.5,5,0.9539178559291333,0.11280123234524875
2088,6,10,150,-2.0,0.1,5,0.9781551173329108,0.5712905964190303
2089,6,10,150,-2.0,0.5,4,0.780063127697523,0.1560836540937581
2091,6,10,150,-3.0,0.1,5,0.9600753014697906,0.5389059910526932
2092,6,10,150,-3.0,0.5,3,0.9395394054922704,0.038361522948764465
2094,6,20,150,-2.0,0.1,5,0.9015567524403202,0.5878188728871198
2095,6,20,150,-2.0,0.5,5,0.7493140113918371,0.15983095298015812
2097,6,20,150,-3.0,0.1,2,1.0,0.5514011020052155
2098,6,20,150,-3.0,0.5,5,0.9674271037900315,0.0655852614775563
2100,6,30,150,-2.0,0.1,5,0.8145975337051774,0.6007669097979916
2101,6,30,150,-2.0,0.5,4,0.9764198991112315,0.16367580241287066
2103,6,30,150,-3.0,0.1,4,0.9578768555410054,0.6034724336124447
2104,6,30,150,-3.0,0.5,4,0.8992785373727625,0.12343160513465203
2106,6,40,150,-2.0,0.1,5,0.9717311862399752,0.6046417398232761
2107,6,40,150,-2.0,0.5,4,0.9525559672235582,0.1441265418939305
2109,6,40,150,-3.0,0.1,2,1.0,0.585534885448451
2110,6,40,150,-3.0,0.5,3,0.96833827863378,0.11946760905437717
2112,6,50,150,-2.0,0.1,2,1.0,0.5864715212307792
2113,6,50,150,-2.0,0.5,5,0.9739587320115833,0.14366326863043574
2115,6,50,150,-3.0,0.1,4,0.9053313917931751,0.6060357042831321
2116,6,50,150,-3.0,0.5,5,0.9276508892262072,0.11083585034216849
2118,6,60,150,-2.0,0.1,4,0.9303224039899904,0.6167196030242331
2119,6,60,150,-2.0,0.5,4,0.8981403048051051,0.14759340650404246
2121,6,60,150,-3.0,0.1,2,1.0,0.6355092241546559
2122,6,60,150,-3.0,0.5,5,0.965394395236923,0.11979227547287508
2124,7,10,150,-2.0,0.1,5,0.9425355933270616,0.3089838663603547
2125,7,10,150,-2.0,0.5,5,0.9419425015039218,0.13789525676573758
2127,7,10,150,-3.0,0.1,5,0.9622133782839981,0.5243635985204821
2128,7,10,150,-3.0,0.5,5,0.9615282309026099,0.030167573782127144
2130,7,20,150,-2.0,0.1,4,0.9102964053878377,0.5812170761983187
2131,7,20,150,-2.0,0.5,4,0.8926660122174717,0.15043558107560273
2133,7,20,150,-3.0,0.1,4,0.9762419123826462,0.5561751158004642
2134,7,20,150,-3.0,0.5,3,0.9356024485179518,0.07463180242161993
2136,7,30,150,-2.0,0.1,5,0.9675465985899278,0.5803678566025555
2137,7,30,150,-2.0,0.5,3,0.9694191026774537,0.16045040017093112
2139,7,30,150,-3.0,0.1,2,1.0,0.5513567297171583
2140,7,30,150,-3.0,0.5,3,0.9367525394497191,0.09836270975698613
2142,7,40,150,-2.0,0.1,3,0.9813594821871858,0.6418723273259005
2143,7,40,150,-2.0,0.5,5,0.9189633157247475,0.15448846755131188
2145,7,40,150,-3.0,0.1,4,0.8536713513096086,0.5693773955515437
2146,7,40,150,-3.0,0.5,3,0.9499133498748515,0.11196195870630993
2148,7,50,150,-2.0,0.1,4,0.8791388570122125,0.5975758124229169
2149,7,50,150,-2.0,0.5,3,0.9380795580168332,0.1511971394165123
2151,7,50,150,-3.0,0.1,2,1.0,0.6209759562631701
2152,7,50,150,-3.0,0.5,3,0.9307374851571141,0.11928714405490656
2154,7,60,150,-2.0,0.1,4,0.9829212931120463,0.5911345287887578
2155,7,60,150,-2.0,0.5,3,0.990457084726131,0.15431614826445178
2157,7,60,150,-3.0,0.1,4,0.889044483864732,0.6338915348601534
2158,7,60,150,-3.0,0.5,5,0.9440127321755216,0.1257386970632139
2160,8,10,150,-2.0,0.1,2,1.0,0.5777600614055971
2161,8,10,150,-2.0,0.5,5,0.8927687112423033,0.15384952657077378
2163,8,10,150,-3.0,0.1,5,0.9750524327312873,0.5203107543961348
2164,8,10,150,-3.0,0.5,3,0.9252501571464028,0.0029536441340993025
2166,8,20,150,-2.0,0.1,5,0.9661422368209844,0.5745768900181528
2167,8,20,150,-2.0,0.5,4,0.7674532907381895,0.15043478559734597
2169,8,20,150,-3.0,0.1,2,1.0,0.5500425552421478
2170,8,20,150,-3.0,0.5,5,0.9554903109528575,0.06418338228835409
2172,8,30,150,-2.0,0.1,2,1.0,0.6465447469342842
2173,8,30,150,-2.0,0.5,4,0.8835260648346539,0.15039620718492003
2175,8,30,150,-3.0,0.1,4,0.9065419172649131,0.5880618666209627
2176,8,30,150,-3.0,0.5,3,0.9475586098477173,0.10124649224269201
2178,8,40,150,-2.0,0.1,4,0.9324103591677535,0.6343101941482885
2179,8,40,150,-2.0,0.5,4,0.8953518964000469,0.14748656660282425
2181,8,40,150,-3.0,0.1,2,0.9999999999999984,0.593573011426078
2182,8,40,150,-3.0,0.5,5,0.9307951045298759,0.15509802469264242
2184,8,50,150,-2.0,0.1,3,0.8642982442716609,0.6602571301535993
2185,8,50,150,-2.0,0.5,5,0.8926945236253986,0.12500008939628227
2187,8,50,150,-3.0,0.1,4,0.9620686183575626,0.6161323968471982
2188,8,50,150,-3.0,0.5,3,0.8838001378818499,0.12419813973954584
2190,8,60,150,-2.0,0.1,2,0.9852084645873519,0.6541348228762812
2191,8,60,150,-2.0,0.5,5,0.9493501454377338,0.15718042392162684
2193,8,60,150,-3.0,0.1,2,0.9732655312571374,0.631985025724483
2194,8,60,150,-3.0,0.5,5,0.9602953992244262,0.12241387231799562
2196,9,10,150,-2.0,0.1,3,0.9857113155965714,0.5622407110393026
2197,9,10,150,-2.0,0.5,4,0.911403347161549,0.14477253151631475
2199,9,10,150,-3.0,0.1,5,0.9680231627813782,0.40571770836206034
2200,9,10,150,-3.0,0.5,2,0.9310809896039172,0.006326063566449966
2202,9,20,150,-2.0,0.1,4,0.8744042730374911,0.48027826746696284
2203,9,20,150,-2.0,0.5,4,0.771989207375918,0.149330355227569
2205,9,20,150,-3.0,0.1,2,1.0,0.545463888629131
2206,9,20,150,-3.0,0.5,3,0.9248761895504358,0.06940946327725525
2208,9,30,150,-2.0,0.1,3,0.9815861498266797,0.5899041886999402
2209,9,30,150,-2.0,0.5,5,0.9231600547583388,0.15228571749174244
2211,9,30,150,-3.0,0.1,4,0.916625628487321,0.5618744827919604
2212,9,30,150,-3.0,0.5,3,0.9221869897480591,0.08702195763269548
2214,9,40,150,-2.0,0.1,4,0.9650287905742881,0.6249531970570559
2215,9,40,150,-2.0,0.5,4,0.9476098441918567,0.13601674009683387
2217,9,40,150,-3.0,0.1,5,0.9287463024054041,0.5874835520158825
2218,9,40,150,-3.0,0.5,4,0.9554454640053359,0.09699480770220233
2220,9,50,150,-2.0,0.1,4,0.9201629301152334,0.5883004739086984
2221,9,50,150,-2.0,0.5,2,0.9927843502855298,0.15735002554049132
2223,9,50,150,-3.0,0.1,4,0.9625517833367576,0.6047955054071127
2224,9,50,150,-3.0,0.5,4,0.934323327347732,0.10404085924965455
2226,9,60,150,-2.0,0.1,4,0.930993521105413,0.6525107311542933
2227,9,60,150,-2.0,0.5,5,0.9353978182244104,0.13695831481050044
2229,9,60,150,-3.0,0.1,4,0.9717147820703866,0.6258951360619297
2230,9,60,150,-3.0,0.5,3,0.9480830341157525,0.15574804765489073
2232,10,10,150,-2.0,0.1,5,0.9738092255924842,0.5761046885496834
2233,10,10,150,-2.0,0.5,2,0.9487683002015038,0.15689942432474038
2235,10,10,150,-3.0,0.1,5,0.9696991744185315,0.5274100895383891
2236,10,10,150,-3.0,0.5,3,0.975044292909893,0.0005091970526790272
2238,10,20,150,-2.0,0.1,2,1.0,0.6321894656119975
2239,10,20,150,-2.0,0.5,5,0.8891182827294402,0.15317422074050718
2241,10,20,150,-3.0,0.1,5,0.9339553388666773,0.5501207441863073
2242,10,20,150,-3.0,0.5,3,0.9584548305224163,0.06031327097579118
2244,10,30,150,-2.0,0.1,4,0.9497453515880561,0.5947347140614199
2245,10,30,150,-2.0,0.5,4,0.8638467970180322,0.1518119127207522
2247,10,30,150,-3.0,0.1,2,0.952584224936163,0.5772918529630103
2248,10,30,150,-3.0,0.5,3,0.8985799013081394,0.07183517387670206
2250,10,40,150,-2.0,0.1,2,0.9848710631724444,0.5890145106911159
2251,10,40,150,-2.0,0.5,4,0.8961854160861471,0.14137931704087833
2253,10,40,150,-3.0,0.1,4,0.9219197762689422,0.5931111488183533
2254,10,40,150,-3.0,0.5,5,0.9470076521627642,0.09444947705279709
2256,10,50,150,-2.0,0.1,5,0.8211347469726299,0.6311776754471488
2257,10,50,150,-2.0,0.5,5,0.8285431970884611,0.1488323974212206
2259,10,50,150,-3.0,0.1,4,0.976733998445273,0.6181967139839379
2260,10,50,150,-3.0,0.5,5,0.9216277639242434,0.12404422619404787
2262,10,60,150,-2.0,0.1,3,0.9740972743910619,0.6467972294658325
2263,10,60,150,-2.0,0.5,5,0.9637677914183933,0.1568309450635743
2265,10,60,150,-3.0,0.1,5,0.9109618541303899,0.6386506058265504
2266,10,60,150,-3.0,0.5,4,0.960932009248251,0.11373005254451272
